	{
	"credit": "Made By OPDirect",
	"texture_size": [64, 64],
        "textures": {
		"0": "item/mace"
	},
	"elements": [
		{
			"name": "Breeze Rod Handle",
			"from": [7, 0, 7],
			"to": [9, 14, 9],
			"rotation": {"angle": 0, "axis": "y", "origin": [7, 0, 7]},
			"faces": {
				"north": {"uv": [3, 7, 3.5, 10.5], "texture": "#0"},
				"east": {"uv": [3.5, 7, 4, 10.5], "texture": "#0"},
				"south": {"uv": [4, 7, 4.5, 10.5], "texture": "#0"},
				"west": {"uv": [4.5, 7, 5, 10.5], "texture": "#0"},
				"up": {"uv": [5.5, 4.5, 5, 4], "texture": "#0"},
				"down": {"uv": [5.5, 4.5, 5, 5], "texture": "#0"}
			}
		},
		{
			"name": "Heavy Core",
			"from": [4, 14, 4],
			"to": [12, 22, 12],
			"rotation": {"angle": 0, "axis": "y", "origin": [7, 14, 7]},
			"faces": {
				"north": {"uv": [0, 5, 2, 7], "texture": "#0"},
				"east": {"uv": [5, 0, 7, 2], "texture": "#0"},
				"south": {"uv": [2, 5, 4, 7], "texture": "#0"},
				"west": {"uv": [5, 2, 7, 4], "texture": "#0"},
				"up": {"uv": [6, 7, 4, 5], "texture": "#0"},
				"down": {"uv": [8, 4, 6, 6], "texture": "#0"}
			}
		},
		{
			"name": "Heavy Core Extension",
			"from": [3, 13, 2],
			"to": [13, 23, 3],
			"rotation": {"angle": 0, "axis": "y", "origin": [7, 14, -2]},
			"faces": {
				"north": {"uv": [0, 0, 2.5, 2.5], "texture": "#0"},
				"east": {"uv": [7, 1.5, 7.25, 4], "texture": "#0"},
				"south": {"uv": [0, 2.5, 2.5, 5], "texture": "#0"},
				"west": {"uv": [5, 7, 5.25, 9.5], "texture": "#0"},
				"up": {"uv": [9.75, 1.75, 7.25, 1.5], "texture": "#0"},
				"down": {"uv": [9.75, 1.75, 7.25, 2], "texture": "#0"}
			}
		},
		{
			"name": "Heavy Core Extension 2",
			"from": [3, 13, 13],
			"to": [13, 23, 14],
			"rotation": {"angle": 0, "axis": "y", "origin": [7, 14, 9]},
			"faces": {
				"north": {"uv": [2.5, 0, 5, 2.5], "texture": "#0"},
				"east": {"uv": [5.25, 7, 5.5, 9.5], "texture": "#0"},
				"south": {"uv": [2.5, 2.5, 5, 5], "texture": "#0"},
				"west": {"uv": [5.5, 7, 5.75, 9.5], "texture": "#0"},
				"up": {"uv": [9.75, 2.25, 7.25, 2], "texture": "#0"},
				"down": {"uv": [9.75, 2.25, 7.25, 2.5], "texture": "#0"}
			}
		},
		{
			"name": "Heavy Core Extension Connector 2",
			"from": [5, 15, 12],
			"to": [11, 21, 13],
			"rotation": {"angle": 0, "axis": "y", "origin": [7, 14, 8]},
			"faces": {
				"north": {"uv": [6, 6, 7.5, 7.5], "texture": "#0"},
				"east": {"uv": [5.75, 7, 6, 8.5], "texture": "#0"},
				"south": {"uv": [0, 7, 1.5, 8.5], "texture": "#0"},
				"west": {"uv": [7.25, 2.5, 7.5, 4], "texture": "#0"},
				"up": {"uv": [9, 2.75, 7.5, 2.5], "texture": "#0"},
				"down": {"uv": [9, 2.75, 7.5, 3], "texture": "#0"}
			}
		},
		{
			"name": "Heavy Core Extension Connector",
			"from": [5, 15, 3],
			"to": [11, 21, 4],
			"rotation": {"angle": 0, "axis": "y", "origin": [7, 14, -1]},
			"faces": {
				"north": {"uv": [7, 0, 8.5, 1.5], "texture": "#0"},
				"east": {"uv": [6, 7.5, 6.25, 9], "texture": "#0"},
				"south": {"uv": [1.5, 7, 3, 8.5], "texture": "#0"},
				"west": {"uv": [7.5, 6, 7.75, 7.5], "texture": "#0"},
				"up": {"uv": [9, 3.25, 7.5, 3], "texture": "#0"},
				"down": {"uv": [9, 3.25, 7.5, 3.5], "texture": "#0"}
			}
		}
	],
	"display": {
		"thirdperson_righthand": {
			"translation": [0, 2, 2.25]
		},
		"thirdperson_lefthand": {
			"translation": [0, 2, 2.25]
		},
		"firstperson_righthand": {
			"scale": [0.75, 0.75, 0.75]
		},
		"firstperson_lefthand": {
			"scale": [0.75, 0.75, 0.75]
		},
		"ground": {
			"rotation": [39, 0, 40],
			"translation": [0, 3.75, 0],
			"scale": [0.75, 0.75, 0.75]
		},
		"gui": {
			"rotation": [63, -52, 74],
			"translation": [2.75, -3.25, 0],
			"scale": [0.75, 0.75, 0.75]
		},
		"fixed": {
			"rotation": [0, -90, 0],
			"translation": [0, -2, 0]
		}
	}
}