{
  "variants": {
    "books_stored=0,facing=east": {
      "model": "minecraft:block/chiseled_bookshelf_stage0",
      "y": 90
    },
    "books_stored=0,facing=north": {
      "model": "minecraft:block/chiseled_bookshelf_stage0"
    },
    "books_stored=0,facing=south": {
      "model": "minecraft:block/chiseled_bookshelf_stage0",
      "y": 180
    },
    "books_stored=0,facing=west": {
      "model": "minecraft:block/chiseled_bookshelf_stage0",
      "y": 270
    },
    "books_stored=1,facing=east": [
    {
      "model": "minecraft:block/chiseled_bookshelf_stage1",
      "y": 90
    },
    {
      "model": "minecraft:block/chiseled_bookshelf_stage11",
      "y": 90
    },
    {
      "model": "minecraft:block/chiseled_bookshelf_stage12",
      "y": 90
    },
    {
      "model": "minecraft:block/chiseled_bookshelf_stage13",
      "y": 90
    },
    {
      "model": "minecraft:block/chiseled_bookshelf_stage14",
      "y": 90
    },
    {
      "model": "minecraft:block/chiseled_bookshelf_stage15",
      "y": 90
    } ],
    "books_stored=1,facing=north": [
    {
      "model": "minecraft:block/chiseled_bookshelf_stage1"
    },
    {
      "model": "minecraft:block/chiseled_bookshelf_stage11"
    },
    {
      "model": "minecraft:block/chiseled_bookshelf_stage12"
    },
    {
      "model": "minecraft:block/chiseled_bookshelf_stage13"
    },
    {
      "model": "minecraft:block/chiseled_bookshelf_stage14"
    },
    {
      "model": "minecraft:block/chiseled_bookshelf_stage15"
    } ],
    "books_stored=1,facing=south": [
    {
      "model": "minecraft:block/chiseled_bookshelf_stage1",
      "y": 180
    },
    {
      "model": "minecraft:block/chiseled_bookshelf_stage11",
      "y": 180
    },
    {
      "model": "minecraft:block/chiseled_bookshelf_stage12",
      "y": 180
    },
    {
      "model": "minecraft:block/chiseled_bookshelf_stage13",
      "y": 180
    },
    {
      "model": "minecraft:block/chiseled_bookshelf_stage14",
      "y": 180
    },
    {
      "model": "minecraft:block/chiseled_bookshelf_stage15",
      "y": 180
    } ],
    "books_stored=1,facing=west": [
    {
      "model": "minecraft:block/chiseled_bookshelf_stage1",
      "y": 270
    },
    {
      "model": "minecraft:block/chiseled_bookshelf_stage11",
      "y": 270
    },
    {
      "model": "minecraft:block/chiseled_bookshelf_stage12",
      "y": 270
    },
    {
      "model": "minecraft:block/chiseled_bookshelf_stage13",
      "y": 270
    },
    {
      "model": "minecraft:block/chiseled_bookshelf_stage14",
      "y": 270
    },
    {
      "model": "minecraft:block/chiseled_bookshelf_stage15",
      "y": 270
    } ],
    "books_stored=2,facing=east": [
    {
      "model": "minecraft:block/chiseled_bookshelf_stage2",
      "y": 90
    },
    {
      "model": "minecraft:block/chiseled_bookshelf_stage21",
      "y": 90
    },
    {
      "model": "minecraft:block/chiseled_bookshelf_stage22",
      "y": 90
    },
    {
      "model": "minecraft:block/chiseled_bookshelf_stage23",
      "y": 90
    },
    {
      "model": "minecraft:block/chiseled_bookshelf_stage24",
      "y": 90
    },
    {
      "model": "minecraft:block/chiseled_bookshelf_stage25",
      "y": 90
    } ],
    "books_stored=2,facing=north": [
    {
      "model": "minecraft:block/chiseled_bookshelf_stage2"
    },
    {
      "model": "minecraft:block/chiseled_bookshelf_stage21"
    },
    {
      "model": "minecraft:block/chiseled_bookshelf_stage22"
    },
    {
      "model": "minecraft:block/chiseled_bookshelf_stage23"
    },
    {
      "model": "minecraft:block/chiseled_bookshelf_stage24"
    },
    {
      "model": "minecraft:block/chiseled_bookshelf_stage25"
    } ],
    "books_stored=2,facing=south": [
    {
      "model": "minecraft:block/chiseled_bookshelf_stage2",
      "y": 180
    },
    {
      "model": "minecraft:block/chiseled_bookshelf_stage21",
      "y": 180
    },
    {
      "model": "minecraft:block/chiseled_bookshelf_stage22",
      "y": 180
    },
    {
      "model": "minecraft:block/chiseled_bookshelf_stage23",
      "y": 180
    },
    {
      "model": "minecraft:block/chiseled_bookshelf_stage24",
      "y": 180
    },
    {
      "model": "minecraft:block/chiseled_bookshelf_stage25",
      "y": 180
    } ],
    "books_stored=2,facing=west": [
    {
      "model": "minecraft:block/chiseled_bookshelf_stage2",
      "y": 270
    },
    {
      "model": "minecraft:block/chiseled_bookshelf_stage21",
      "y": 270
    },
    {
      "model": "minecraft:block/chiseled_bookshelf_stage22",
      "y": 270
    },
    {
      "model": "minecraft:block/chiseled_bookshelf_stage23",
      "y": 270
    },
    {
      "model": "minecraft:block/chiseled_bookshelf_stage24",
      "y": 270
    },
    {
      "model": "minecraft:block/chiseled_bookshelf_stage25",
      "y": 270
    } ],
    "books_stored=3,facing=east": [
    {
      "model": "minecraft:block/chiseled_bookshelf_stage3",
      "y": 90
    },
    {
      "model": "minecraft:block/chiseled_bookshelf_stage31",
      "y": 90
    },
    {
      "model": "minecraft:block/chiseled_bookshelf_stage32",
      "y": 90
    },
    {
      "model": "minecraft:block/chiseled_bookshelf_stage33",
      "y": 90
    },
    {
      "model": "minecraft:block/chiseled_bookshelf_stage34",
      "y": 90
    },
    {
      "model": "minecraft:block/chiseled_bookshelf_stage35",
      "y": 90
    } ],
    "books_stored=3,facing=north": [
    {
      "model": "minecraft:block/chiseled_bookshelf_stage3"
    },
    {
      "model": "minecraft:block/chiseled_bookshelf_stage31"
    },
    {
      "model": "minecraft:block/chiseled_bookshelf_stage32"
    },
    {
      "model": "minecraft:block/chiseled_bookshelf_stage33"
    },
    {
      "model": "minecraft:block/chiseled_bookshelf_stage34"
    },
    {
      "model": "minecraft:block/chiseled_bookshelf_stage35"
    } ],
    "books_stored=3,facing=south": [
    {
      "model": "minecraft:block/chiseled_bookshelf_stage3",
      "y": 180
    },
    {
      "model": "minecraft:block/chiseled_bookshelf_stage31",
      "y": 180
    },
    {
      "model": "minecraft:block/chiseled_bookshelf_stage32",
      "y": 180
    },
    {
      "model": "minecraft:block/chiseled_bookshelf_stage33",
      "y": 180
    },
    {
      "model": "minecraft:block/chiseled_bookshelf_stage34",
      "y": 180
    },
    {
      "model": "minecraft:block/chiseled_bookshelf_stage35",
      "y": 180
    } ],
    "books_stored=3,facing=west": [
    {
      "model": "minecraft:block/chiseled_bookshelf_stage3",
      "y": 270
    },
    {
      "model": "minecraft:block/chiseled_bookshelf_stage31",
      "y": 270
    },
    {
      "model": "minecraft:block/chiseled_bookshelf_stage32",
      "y": 270
    },
    {
      "model": "minecraft:block/chiseled_bookshelf_stage33",
      "y": 270
    },
    {
      "model": "minecraft:block/chiseled_bookshelf_stage34",
      "y": 270
    },
    {
      "model": "minecraft:block/chiseled_bookshelf_stage35",
      "y": 270
    } ],
    "books_stored=4,facing=east": [
    {
      "model": "minecraft:block/chiseled_bookshelf_stage4",
      "y": 90
    },
    {
      "model": "minecraft:block/chiseled_bookshelf_stage41",
      "y": 90
    },
    {
      "model": "minecraft:block/chiseled_bookshelf_stage42",
      "y": 90
    },
    {
      "model": "minecraft:block/chiseled_bookshelf_stage43",
      "y": 90
    },
    {
      "model": "minecraft:block/chiseled_bookshelf_stage44",
      "y": 90
    },
    {
      "model": "minecraft:block/chiseled_bookshelf_stage45",
      "y": 90
    } ],
    "books_stored=4,facing=north": [
    {
      "model": "minecraft:block/chiseled_bookshelf_stage4"
    },
    {
      "model": "minecraft:block/chiseled_bookshelf_stage41"
    },
    {
      "model": "minecraft:block/chiseled_bookshelf_stage42"
    },
    {
      "model": "minecraft:block/chiseled_bookshelf_stage43"
    },
    {
      "model": "minecraft:block/chiseled_bookshelf_stage44"
    },
    {
      "model": "minecraft:block/chiseled_bookshelf_stage45"
    } ],
    "books_stored=4,facing=south": [
    {
      "model": "minecraft:block/chiseled_bookshelf_stage4",
      "y": 180
    },
    {
      "model": "minecraft:block/chiseled_bookshelf_stage41",
      "y": 180
    },
    {
      "model": "minecraft:block/chiseled_bookshelf_stage42",
      "y": 180
    },
    {
      "model": "minecraft:block/chiseled_bookshelf_stage43",
      "y": 180
    },
    {
      "model": "minecraft:block/chiseled_bookshelf_stage44",
      "y": 180
    },
    {
      "model": "minecraft:block/chiseled_bookshelf_stage45",
      "y": 180
    } ],
    "books_stored=4,facing=west": [
    {
      "model": "minecraft:block/chiseled_bookshelf_stage4",
      "y": 270
    },
    {
      "model": "minecraft:block/chiseled_bookshelf_stage41",
      "y": 270
    },
    {
      "model": "minecraft:block/chiseled_bookshelf_stage42",
      "y": 270
    },
    {
      "model": "minecraft:block/chiseled_bookshelf_stage43",
      "y": 270
    },
    {
      "model": "minecraft:block/chiseled_bookshelf_stage44",
      "y": 270
    },
    {
      "model": "minecraft:block/chiseled_bookshelf_stage45",
      "y": 270
    } ],
    "books_stored=5,facing=east": [
    {
      "model": "minecraft:block/chiseled_bookshelf_stage5",
      "y": 90
    },
    {
      "model": "minecraft:block/chiseled_bookshelf_stage51",
      "y": 90
    },
    {
      "model": "minecraft:block/chiseled_bookshelf_stage52",
      "y": 90
    },
    {
      "model": "minecraft:block/chiseled_bookshelf_stage53",
      "y": 90
    },
    {
      "model": "minecraft:block/chiseled_bookshelf_stage54",
      "y": 90
    },
    {
      "model": "minecraft:block/chiseled_bookshelf_stage55",
      "y": 90
    } ],
    "books_stored=5,facing=north": [
    {
      "model": "minecraft:block/chiseled_bookshelf_stage5"
    },
    {
      "model": "minecraft:block/chiseled_bookshelf_stage51"
    },
    {
      "model": "minecraft:block/chiseled_bookshelf_stage52"
    },
    {
      "model": "minecraft:block/chiseled_bookshelf_stage53"
    },
    {
      "model": "minecraft:block/chiseled_bookshelf_stage54"
    },
    {
      "model": "minecraft:block/chiseled_bookshelf_stage55"
    } ],
    "books_stored=5,facing=south": [
    {
      "model": "minecraft:block/chiseled_bookshelf_stage5",
      "y": 180
    },
    {
      "model": "minecraft:block/chiseled_bookshelf_stage51",
      "y": 180
    },
    {
      "model": "minecraft:block/chiseled_bookshelf_stage52",
      "y": 180
    },
    {
      "model": "minecraft:block/chiseled_bookshelf_stage53",
      "y": 180
    },
    {
      "model": "minecraft:block/chiseled_bookshelf_stage54",
      "y": 180
    },
    {
      "model": "minecraft:block/chiseled_bookshelf_stage55",
      "y": 180
    } ],
    "books_stored=5,facing=west": [
    {
      "model": "minecraft:block/chiseled_bookshelf_stage5",
      "y": 270
    },
    {
      "model": "minecraft:block/chiseled_bookshelf_stage51",
      "y": 270
    },
    {
      "model": "minecraft:block/chiseled_bookshelf_stage52",
      "y": 270
    },
    {
      "model": "minecraft:block/chiseled_bookshelf_stage53",
      "y": 270
    },
    {
      "model": "minecraft:block/chiseled_bookshelf_stage54",
      "y": 270
    },
    {
      "model": "minecraft:block/chiseled_bookshelf_stage55",
      "y": 270
    } ],
    "books_stored=6,facing=east": [
    {
      "model": "minecraft:block/chiseled_bookshelf_stage6",
      "y": 90
    },
    {
      "model": "minecraft:block/chiseled_bookshelf_stage61",
      "y": 90
    },
    {
      "model": "minecraft:block/chiseled_bookshelf_stage62",
      "y": 90
    },
    {
      "model": "minecraft:block/chiseled_bookshelf_stage63",
      "y": 90
    },
    {
      "model": "minecraft:block/chiseled_bookshelf_stage64",
      "y": 90
    },
    {
      "model": "minecraft:block/chiseled_bookshelf_stage65",
      "y": 90
    } ],
    "books_stored=6,facing=north": [
    {
      "model": "minecraft:block/chiseled_bookshelf_stage6"
    },
    {
      "model": "minecraft:block/chiseled_bookshelf_stage61"
    },
    {
      "model": "minecraft:block/chiseled_bookshelf_stage62"
    },
    {
      "model": "minecraft:block/chiseled_bookshelf_stage63"
    },
    {
      "model": "minecraft:block/chiseled_bookshelf_stage64"
    },
    {
      "model": "minecraft:block/chiseled_bookshelf_stage65"
    } ],
    "books_stored=6,facing=south": [
    {
      "model": "minecraft:block/chiseled_bookshelf_stage6",
      "y": 180
    },
    {
      "model": "minecraft:block/chiseled_bookshelf_stage61",
      "y": 180
    },
    {
      "model": "minecraft:block/chiseled_bookshelf_stage62",
      "y": 180
    },
    {
      "model": "minecraft:block/chiseled_bookshelf_stage63",
      "y": 180
    },
    {
      "model": "minecraft:block/chiseled_bookshelf_stage64",
      "y": 180
    },
    {
      "model": "minecraft:block/chiseled_bookshelf_stage65",
      "y": 180
    } ],
    "books_stored=6,facing=west": [
    {
      "model": "minecraft:block/chiseled_bookshelf_stage6",
      "y": 270
    },
    {
      "model": "minecraft:block/chiseled_bookshelf_stage61",
      "y": 270
    },
    {
      "model": "minecraft:block/chiseled_bookshelf_stage62",
      "y": 270
    },
    {
      "model": "minecraft:block/chiseled_bookshelf_stage63",
      "y": 270
    },
    {
      "model": "minecraft:block/chiseled_bookshelf_stage64",
      "y": 270
    },
    {
      "model": "minecraft:block/chiseled_bookshelf_stage65",
      "y": 270
    } ]
  }
}