{
	"credit": "Made by Infernalizard with Blockbench",
	"texture_size": [32, 32],
	"textures": {
		"0": "minecraft:item/shield_base",
		"particle": "minecraft:item/shield_base"
	},
	"elements": [
		{
			"from": [1, 0, 0],
			"to": [15, 20, 2],
			"faces": {
				"north": {"uv": [1, 1, 8, 11], "texture": "#0"},
				"east": {"uv": [0, 1, 1, 11], "texture": "#0"},
				"south": {"uv": [9, 1, 16, 11], "texture": "#0"},
				"west": {"uv": [8, 1, 9, 11], "texture": "#0"},
				"up": {"uv": [8, 1, 1, 0], "texture": "#0"},
				"down": {"uv": [15, 0, 8, 1], "texture": "#0"}
			}
		},
		{
			"from": [7, 7, 2],
			"to": [9, 13, 8],
			"rotation": {"angle": 0, "axis": "y", "origin": [0, 1, 2]},
			"faces": {
				"north": {"uv": [4, 13, 5, 16], "texture": "#0"},
				"east": {"uv": [1, 13, 4, 16], "texture": "#0"},
				"south": {"uv": [0, 13, 1, 16], "texture": "#0"},
				"west": {"uv": [5, 13, 8, 16], "texture": "#0"},
				"up": {"uv": [1, 12, 4, 13], "texture": "#0"},
				"down": {"uv": [4, 12, 7, 13], "texture": "#0"}
			}
		}
	],
	"display": {
		"thirdperson_righthand": {
			"rotation": [55.69, -29.7, 9],
			"translation": [-0.49, -6.5, 0.5]
		},
		"thirdperson_lefthand": {
			"rotation": [55.69, -29.7, 9],
			"translation": [-0.49, -6.5, 0.5]
		},
		"firstperson_righthand": {
			"rotation": [-1, -1, 7],
			"translation": [-1.75, -11, 5],
			"scale": [1.5, 1.5, 1.5]
		},
		"firstperson_lefthand": {
			"rotation": [-1, -1, 7],
			"translation": [-1.75, -11, 5],
			"scale": [1.5, 1.5, 1.5]
		},
		"ground": {
			"translation": [0, 2, 0],
			"scale": [0.5, 0.5, 0.5]
		},
		"gui": {
			"rotation": [30, 140, 0],
			"translation": [2.75, 0.5, 0],
			"scale": [0.625, 0.625, 0.625]
		},
		"head": {
			"rotation": [90, 0, 0],
			"translation": [0, -6.25, -4.25],
			"scale": [2, 2, 2]
		},
		"fixed": {
			"translation": [0, -1.25, 2],
			"scale": [0.6, 0.6, 0.6]
		}
	}
}