{
	"credit": "Made with Blockbench",
	"texture_size": [32, 32],
	"textures": {
		"1": "item/brewing_potion",
		"particle": "item/brewing_potion",
		"stand": "block/brewing_stand"
	},
	"elements": [
		{
			"from": [9, 3, 7.5],
			"to": [10, 14, 8.5],
			"faces": {
				"north": {"uv": [6, 2, 7, 13], "texture": "#stand"},
				"east": {"uv": [6, 2, 7, 13], "texture": "#stand"},
				"south": {"uv": [7, 2, 6, 13], "texture": "#stand"},
				"west": {"uv": [6, 2, 7, 13], "texture": "#stand"},
				"up": {"uv": [7, 2, 6, 3], "texture": "#stand"},
				"down": {"uv": [6, 12, 7, 13], "texture": "#stand"}
			}
		},
		{
			"from": [11.25, 2, 6.75],
			"to": [13.75, 5, 9.25],
			"rotation": {"angle": 0, "axis": "y", "origin": [4, 4, 4]},
			"faces": {
				"north": {"uv": [0, 0, 2.5, 3], "texture": "#1"},
				"east": {"uv": [2.5, 0, 5, 3], "texture": "#1"},
				"south": {"uv": [0, 3, 2.5, 6], "texture": "#1"},
				"west": {"uv": [2.5, 3, 5, 6], "texture": "#1"},
				"up": {"uv": [7.5, 2.5, 5, 0], "texture": "#1"},
				"down": {"uv": [7.5, 2.5, 5, 5], "texture": "#1"}
			}
		},
		{
			"from": [11.75, 5.5, 7.25],
			"to": [13.25, 6, 8.75],
			"rotation": {"angle": 0, "axis": "y", "origin": [4, 4, 4]},
			"faces": {
				"north": {"uv": [5.5, 7, 6.5, 7.5], "texture": "#1"},
				"east": {"uv": [5.5, 7, 6.5, 7.5], "texture": "#1"},
				"south": {"uv": [5.5, 7, 6.5, 7.5], "texture": "#1"},
				"west": {"uv": [5.5, 7, 6.5, 7.5], "texture": "#1"},
				"up": {"uv": [6, 7.5, 5.5, 7], "texture": "#1"},
				"down": {"uv": [5, 6, 3.5, 7.5], "texture": "#1"}
			}
		},
		{
			"from": [12.75, 5, 8.25],
			"to": [13.25, 5.5, 8.75],
			"rotation": {"angle": 0, "axis": "y", "origin": [4, 4, 4]},
			"faces": {
				"north": {"uv": [5, 7, 6.5, 7.5], "texture": "#1"},
				"east": {"uv": [7, 5, 8.5, 5.5], "texture": "#1"},
				"south": {"uv": [7, 6, 8.5, 6.5], "texture": "#1"},
				"west": {"uv": [6.5, 7, 8, 7.5], "texture": "#1"},
				"up": {"uv": [3.5, 7.5, 2, 6], "texture": "#1"},
				"down": {"uv": [5, 6, 3.5, 7.5], "texture": "#1"}
			}
		},
		{
			"from": [12.75, 5, 7.25],
			"to": [13.25, 5.5, 7.75],
			"rotation": {"angle": 0, "axis": "y", "origin": [4, 4, 4]},
			"faces": {
				"north": {"uv": [5, 7, 6.5, 7.5], "texture": "#1"},
				"east": {"uv": [7, 5, 8.5, 5.5], "texture": "#1"},
				"south": {"uv": [7, 6, 8.5, 6.5], "texture": "#1"},
				"west": {"uv": [6.5, 7, 8, 7.5], "texture": "#1"},
				"up": {"uv": [3.5, 7.5, 2, 6], "texture": "#1"},
				"down": {"uv": [5, 6, 3.5, 7.5], "texture": "#1"}
			}
		},
		{
			"from": [11.75, 5, 7.25],
			"to": [12.25, 5.5, 7.75],
			"rotation": {"angle": 0, "axis": "y", "origin": [4, 4, 4]},
			"faces": {
				"north": {"uv": [5, 7, 6.5, 7.5], "texture": "#1"},
				"east": {"uv": [7, 5, 8.5, 5.5], "texture": "#1"},
				"south": {"uv": [7, 6, 8.5, 6.5], "texture": "#1"},
				"west": {"uv": [6.5, 7, 8, 7.5], "texture": "#1"},
				"up": {"uv": [3.5, 7.5, 2, 6], "texture": "#1"},
				"down": {"uv": [5, 6, 3.5, 7.5], "texture": "#1"}
			}
		},
		{
			"from": [11.75, 5, 8.25],
			"to": [12.25, 5.5, 8.75],
			"rotation": {"angle": 0, "axis": "y", "origin": [4, 4, 4]},
			"faces": {
				"north": {"uv": [5, 7, 6.5, 7.5], "texture": "#1"},
				"east": {"uv": [7, 5, 8.5, 5.5], "texture": "#1"},
				"south": {"uv": [7, 6, 8.5, 6.5], "texture": "#1"},
				"west": {"uv": [6.5, 7, 8, 7.5], "texture": "#1"},
				"up": {"uv": [3.5, 7.5, 2, 6], "texture": "#1"},
				"down": {"uv": [5, 6, 3.5, 7.5], "texture": "#1"}
			}
		},
		{
			"from": [10, 12, 7.5],
			"to": [11, 15, 8.5],
			"faces": {
				"north": {"uv": [4, 1, 5, 4], "texture": "#stand"},
				"east": {"uv": [4, 1, 5, 4], "texture": "#stand"},
				"south": {"uv": [4, 1, 5, 4], "texture": "#stand"},
				"west": {"uv": [4, 1, 5, 4], "texture": "#stand"},
				"up": {"uv": [4, 1, 5, 2], "texture": "#stand"},
				"down": {"uv": [4, 3, 5, 4], "texture": "#stand"}
			}
		},
		{
			"from": [11, 10, 7.5],
			"to": [12, 16, 8.5],
			"faces": {
				"north": {"uv": [3, 0, 4, 6], "texture": "#stand"},
				"east": {"uv": [3, 0, 4, 6], "texture": "#stand"},
				"south": {"uv": [3, 0, 4, 6], "texture": "#stand"},
				"west": {"uv": [3, 0, 4, 6], "texture": "#stand"},
				"up": {"uv": [3, 0, 4, 1], "texture": "#stand"},
				"down": {"uv": [3, 5, 4, 6], "texture": "#stand"}
			}
		},
		{
			"from": [12, 6, 7.5],
			"to": [13, 10, 8.5],
			"faces": {
				"north": {"uv": [15, 12, 16, 16], "texture": "#stand"},
				"east": {"uv": [15, 12, 16, 16], "texture": "#stand"},
				"south": {"uv": [15, 12, 16, 16], "texture": "#stand"},
				"west": {"uv": [15, 12, 16, 16], "texture": "#stand"},
				"up": {"uv": [15, 13, 16, 14], "texture": "#stand"},
				"down": {"uv": [15, 15, 16, 16], "texture": "#stand"}
			}
		},
		{
			"from": [12, 11, 7.5],
			"to": [13, 13, 8.5],
			"faces": {
				"north": {"uv": [2, 3, 3, 5], "texture": "#stand"},
				"east": {"uv": [2, 3, 3, 5], "texture": "#stand"},
				"south": {"uv": [2, 3, 3, 5], "texture": "#stand"},
				"west": {"uv": [2, 3, 3, 5], "texture": "#stand"},
				"up": {"uv": [2, 3, 3, 4], "texture": "#stand"},
				"down": {"uv": [2, 4, 3, 5], "texture": "#stand"}
			}
		}
	],
	"display": {
		"thirdperson_righthand": {
			"rotation": [75, 45, 0],
			"translation": [0, 1.5, 2.75],
			"scale": [0.5, 0.5, 0.5]
		},
		"thirdperson_lefthand": {
			"rotation": [75, 45, 0],
			"translation": [0, 1.5, 2.75],
			"scale": [0.5, 0.5, 0.5]
		},
		"firstperson_righthand": {
			"rotation": [0, -45, 0],
			"translation": [0, 4, 0],
			"scale": [0.5, 0.5, 0.5]
		},
		"firstperson_lefthand": {
			"rotation": [0, -45, 0],
			"translation": [0, 4, 0],
			"scale": [0.5, 0.5, 0.5]
		},
		"ground": {
			"translation": [0, 2, 0],
			"scale": [0.5, 0.5, 0.5]
		},
		"gui": {
			"rotation": [30, -45, 0],
			"translation": [0, 3.25, 0]
		},
		"head": {
			"translation": [0, 14.4, 0]
		},
		"fixed": {
			"rotation": [-90, 0, 0],
			"translation": [0, 0, -8]
		}
	},
	"groups": [
		0,
		{
			"name": "potion",
			"origin": [8, 8, 8],
			"color": 0,
			"children": [
				{
					"name": "potion",
					"origin": [8, 8, 8],
					"color": 0,
					"children": [1, 2, 3, 4, 5, 6]
				}
			]
		},
		7,
		8,
		9,
		10
	]
}