{
	"credit": "Created by Stridey, Edited by SeaOfPixels",
	"ambientocclusion": false,
	"textures": {
		"1": "block/acacia_door_hinge",
		"particle": "block/acacia_door_top",
		"top": "block/acacia_door_top"
	},
	"elements": [
		{
			"from": [0, 0, 0],
			"to": [3, 1, 16],
			"faces": {
				"north": {"uv": [3, 15, 0, 16], "texture": "#top", "cullface": "north"},
				"east": {"uv": [0, 15, 16, 16], "texture": "#top"},
				"south": {"uv": [0, 15, 3, 16], "texture": "#top", "cullface": "south"},
				"west": {"uv": [16, 15, 0, 16], "texture": "#top", "cullface": "west"},
				"up": {"uv": [0, 15, 16, 16], "rotation": 270, "texture": "#1"}
			}
		},
		{
			"from": [0, 13, 0],
			"to": [3, 16, 16],
			"faces": {
				"north": {"uv": [3, 0, 0, 3], "texture": "#top", "cullface": "north"},
				"east": {"uv": [0, 0, 16, 3], "texture": "#top"},
				"south": {"uv": [0, 0, 3, 3], "texture": "#top", "cullface": "south"},
				"west": {"uv": [16, 0, 0, 3], "texture": "#top", "cullface": "west"},
				"up": {"uv": [0, 0, 16, 3], "rotation": 270, "texture": "#top", "cullface": "up"},
				"down": {"uv": [0, 2, 16, 3], "rotation": 90, "texture": "#top"}
			}
		},
		{
			"from": [0, 1, 13],
			"to": [3, 13, 16],
			"faces": {
				"north": {"uv": [2, 3, 3, 15], "texture": "#top"},
				"east": {"uv": [0, 3, 3, 15], "texture": "#top"},
				"south": {"uv": [0, 3, 3, 15], "texture": "#top", "cullface": "south"},
				"west": {"uv": [3, 3, 0, 15], "texture": "#top", "cullface": "west"}
			}
		},
		{
			"from": [0, 1, 0],
			"to": [3, 13, 3],
			"faces": {
				"north": {"uv": [3, 3, 0, 15], "texture": "#top", "cullface": "north"},
				"east": {"uv": [13, 3, 16, 15], "texture": "#top"},
				"south": {"uv": [13, 3, 14, 15], "texture": "#top"},
				"west": {"uv": [16, 3, 13, 15], "texture": "#top", "cullface": "west"}
			}
		},
		{
			"from": [0, 1, 5],
			"to": [3, 13, 7],
			"faces": {
				"north": {"uv": [10, 3, 11, 15], "texture": "#top"},
				"east": {"uv": [9, 3, 11, 15], "texture": "#top"},
				"south": {"uv": [9, 3, 10, 15], "texture": "#top"},
				"west": {"uv": [11, 3, 9, 15], "texture": "#top", "cullface": "west"}
			}
		},
		{
			"from": [0, 1, 9],
			"to": [3, 13, 11],
			"faces": {
				"north": {"uv": [6, 3, 7, 15], "texture": "#top"},
				"east": {"uv": [5, 3, 7, 15], "texture": "#top"},
				"south": {"uv": [5, 3, 6, 15], "texture": "#top"},
				"west": {"uv": [7, 3, 5, 15], "texture": "#top", "cullface": "west"}
			}
		}
	]
}