{
	"credit": "Made with Blockbench",
	"textures": {
		"0": "item/3d_mace",
		"1": "item/3d_mace1",
		"particle": "item/3d_mace"
	},
	"elements": [
		{
			"from": [6.9, -0.8, 15.50046],
			"to": [9.2, 1.2, 17.50046],
			"rotation": {"angle": -45, "axis": "x", "origin": [0.4, -8.8, 9.05046]},
			"faces": {
				"north": {"uv": [0, 8, 2, 10], "texture": "#1"},
				"east": {"uv": [0, 8, 2, 10], "texture": "#1"},
				"south": {"uv": [0, 8, 2, 10], "texture": "#1"},
				"west": {"uv": [0, 8, 2, 10], "texture": "#1"},
				"up": {"uv": [0, 8, 2, 10], "texture": "#1"},
				"down": {"uv": [0, 8, 2, 10], "texture": "#1"}
			}
		},
		{
			"from": [6.9, 17.2, 15.50046],
			"to": [9.2, 19.2, 17.50046],
			"rotation": {"angle": -45, "axis": "x", "origin": [0.4, 9.2, 9.05046]},
			"faces": {
				"north": {"uv": [0, 8, 2, 10], "texture": "#1"},
				"east": {"uv": [0, 8, 2, 10], "texture": "#1"},
				"south": {"uv": [0, 8, 2, 10], "texture": "#1"},
				"west": {"uv": [0, 8, 2, 10], "texture": "#1"},
				"up": {"uv": [0, 8, 2, 10], "texture": "#1"},
				"down": {"uv": [0, 8, 2, 10], "texture": "#1"}
			}
		},
		{
			"from": [4.4592, 13.7739, 4.4592],
			"to": [11.5152, 20.8299, 11.5152],
			"rotation": {"angle": 0, "axis": "y", "origin": [0.9312, 1.4259, 0.9312]},
			"faces": {
				"north": {"uv": [8, 8, 16, 16], "texture": "#0"},
				"east": {"uv": [8, 8, 16, 16], "texture": "#0"},
				"south": {"uv": [8, 8, 16, 16], "texture": "#0"},
				"west": {"uv": [8, 8, 16, 16], "texture": "#0"},
				"up": {"uv": [8, 0, 16, 8], "texture": "#0"},
				"down": {"uv": [8, 0, 16, 8], "texture": "#0"}
			}
		},
		{
			"from": [7.1052, 3.1899, 7.1052],
			"to": [8.8692, 13.7739, 8.8692],
			"rotation": {"angle": 0, "axis": "y", "origin": [0.9312, 1.4259, 0.9312]},
			"faces": {
				"north": {"uv": [4, 4, 2, 16], "texture": "#0"},
				"east": {"uv": [6, 4, 4, 16], "texture": "#0"},
				"south": {"uv": [8, 4, 6, 16], "texture": "#0"},
				"west": {"uv": [2, 4, 0, 16], "texture": "#0"},
				"up": {"uv": [2, 4, 4, 2], "texture": "#0"},
				"down": {"uv": [4, 2, 6, 4], "texture": "#0"}
			}
		},
		{
			"from": [6.9788, 3.2995, 6.9788],
			"to": [8.9956, 6.0803, 8.9956],
			"rotation": {"angle": 0, "axis": "y", "origin": [0.9312, 3.4259, 0.9312]},
			"faces": {
				"north": {"uv": [2, 0, 0, 4], "texture": "#0"},
				"east": {"uv": [2, 0, 0, 4], "texture": "#0"},
				"south": {"uv": [2, 0, 0, 4], "texture": "#0"},
				"west": {"uv": [2, 0, 0, 4], "texture": "#0"},
				"up": {"uv": [2, 2, 4, 0], "texture": "#0"},
				"down": {"uv": [4, 0, 6, 2], "texture": "#0"}
			}
		},
		{
			"from": [6.9788, 11.2995, 6.9788],
			"to": [8.9956, 15.0803, 8.9956],
			"rotation": {"angle": 0, "axis": "y", "origin": [0.9312, 11.4259, 0.9312]},
			"faces": {
				"north": {"uv": [2, 0, 0, 4], "texture": "#0"},
				"east": {"uv": [2, 0, 0, 4], "texture": "#0"},
				"south": {"uv": [2, 0, 0, 4], "texture": "#0"},
				"west": {"uv": [2, 0, 0, 4], "texture": "#0"},
				"up": {"uv": [2, 2, 4, 0], "texture": "#0"},
				"down": {"uv": [4, 0, 6, 2], "texture": "#0"}
			}
		},
		{
			"from": [7, 16, 3],
			"to": [9, 19, 13],
			"rotation": {"angle": 0, "axis": "y", "origin": [7, 17, 4]},
			"faces": {
				"north": {"uv": [0, 0, 2, 3], "texture": "#1"},
				"east": {"uv": [0, 0, 10, 3], "texture": "#1"},
				"south": {"uv": [0, 0, 2, 3], "texture": "#1"},
				"west": {"uv": [0, 0, 10, 3], "texture": "#1"},
				"up": {"uv": [0, 0, 2, 3], "texture": "#1"},
				"down": {"uv": [0, 0, 2, 4], "texture": "#1"}
			}
		},
		{
			"from": [4.4592, 12.7739, 0],
			"to": [11.4592, 21.8299, 3],
			"rotation": {"angle": 0, "axis": "y", "origin": [4, 17, 1]},
			"faces": {
				"north": {"uv": [8, 0, 16, 8], "texture": "#1"},
				"east": {"uv": [13, 8.944, 10, 15], "texture": "#1"},
				"south": {"uv": [8, 8, 16, 16], "texture": "#1"},
				"west": {"uv": [10, 9, 13, 15.056], "texture": "#1"},
				"up": {"uv": [9, 7, 16, 9], "texture": "#1"},
				"down": {"uv": [0, 2, 7, 0], "texture": "#1"}
			}
		},
		{
			"from": [4.4592, 12.7739, 13],
			"to": [11.4592, 21.8299, 16],
			"rotation": {"angle": 0, "axis": "y", "origin": [4, 17, 13]},
			"faces": {
				"north": {"uv": [8, 8, 16, 16], "texture": "#1"},
				"east": {"uv": [10, 8.944, 13, 15], "texture": "#1"},
				"south": {"uv": [8, 0, 16, 8], "texture": "#1"},
				"west": {"uv": [13, 9, 10, 15.056], "texture": "#1"},
				"up": {"uv": [0, 0, 7, 2], "texture": "#1"},
				"down": {"uv": [0, 0, 7, 2], "texture": "#1"}
			}
		}
	],
	"gui_light": "front",
	"display": {
		"thirdperson_righthand": {
			"rotation": [-178.16, 0.19, -179.57],
			"translation": [-1.25, 1.5, 1.25],
			"scale": [1.15, 0.84727, 0.83945]
		},
		"thirdperson_lefthand": {
			"rotation": [14.43, 11.17, -2.92],
			"translation": [0, -0.25, 2.25],
			"scale": [1.15, 0.83945, 0.92148]
		},
		"firstperson_righthand": {
			"rotation": [-17.18, 8.18, 4.71],
			"translation": [0.75, 0.6, 1.3],
			"scale": [0.55, 0.55, 0.55]
		},
		"firstperson_lefthand": {
			"rotation": [-4.47, 2.66, -3.95],
			"translation": [-2, 1.35, 1.3],
			"scale": [0.55, 0.55, 0.55]
		},
		"ground": {
			"rotation": [36, 0, 0],
			"translation": [0, -1.5, 0],
			"scale": [0.5, 0.5, 0.5]
		},
		"gui": {
			"rotation": [90, 50.75, -90],
			"translation": [-4.25, -4.25, 0],
			"scale": [1, 0.74375, 0.91953]
		},
		"head": {
			"rotation": [0, -80.75, 0],
			"translation": [0, 6.75, 4.75]
		},
		"fixed": {
			"rotation": [-83.41, 56.05, 90.2],
			"translation": [3.75, -4.5, 0],
			"scale": [0.95, 0.95, 0.95]
		}
	},
	"groups": [
		{
			"name": "Mace 3d",
			"origin": [8, 8, 8],
			"color": 0,
			"children": [
				{
					"name": "cross blocks",
					"origin": [8, 8, 8],
					"color": 0,
					"children": [0, 1]
				},
				{
					"name": "main",
					"origin": [0, 0, 0],
					"color": 0,
					"children": [2, 3, 4, 5, 6, 7, 8]
				}
			]
		}
	]
}