{
	"credit": "Made with Blockbench",
	"parent": "minecraft:block/tinted_cross",
	"textures": {
		"cross": "block/bush"
	},
	"elements": [
		{
			"from": [2, 0, 0],
			"to": [2, 16, 16],
			"rotation": {"angle": 0, "axis": "y", "origin": [6.5, 8, 8]},
			"faces": {
				"north": {"uv": [0, 0, 0, 16], "texture": "#cross"},
				"east": {"uv": [0, 0, 16, 16], "texture": "#cross", "tintindex": 0},
				"south": {"uv": [0, 0, 0, 16], "texture": "#cross"},
				"west": {"uv": [0, 0, 16, 16], "texture": "#cross", "tintindex": 0},
				"up": {"uv": [0, 0, 0, 16], "texture": "#cross"},
				"down": {"uv": [0, 0, 0, 16], "texture": "#cross"}
			}
		},
		{
			"from": [14, 0, 0],
			"to": [14, 16, 16],
			"rotation": {"angle": 0, "axis": "y", "origin": [9.5, 8, 8]},
			"faces": {
				"north": {"uv": [0, 0, 0, 16], "texture": "#cross"},
				"east": {"uv": [0, 0, 16, 16], "texture": "#cross", "tintindex": 0},
				"south": {"uv": [0, 0, 0, 16], "texture": "#cross"},
				"west": {"uv": [0, 0, 16, 16], "texture": "#cross", "tintindex": 0},
				"up": {"uv": [0, 0, 0, 16], "texture": "#cross"},
				"down": {"uv": [0, 0, 0, 16], "texture": "#cross"}
			}
		},
		{
			"from": [8, 0, 0],
			"to": [8, 16, 16],
			"rotation": {"angle": 45, "axis": "y", "origin": [8, 8, 8]},
			"faces": {
				"north": {"uv": [0, 0, 0, 16], "texture": "#cross"},
				"east": {"uv": [0, 0, 16, 16], "texture": "#cross", "tintindex": 0},
				"south": {"uv": [0, 0, 0, 16], "texture": "#cross"},
				"west": {"uv": [0, 0, 16, 16], "texture": "#cross", "tintindex": 0},
				"up": {"uv": [0, 0, 0, 16], "texture": "#cross"},
				"down": {"uv": [0, 0, 0, 16], "texture": "#cross"}
			}
		},
		{
			"from": [0, 0, 8],
			"to": [16, 16, 8],
			"rotation": {"angle": 45, "axis": "y", "origin": [8, 8, 8]},
			"faces": {
				"north": {"uv": [0, 0, 16, 16], "texture": "#cross", "tintindex": 0},
				"east": {"uv": [0, 0, 0, 16], "texture": "#cross"},
				"south": {"uv": [0, 0, 16, 16], "texture": "#cross", "tintindex": 0},
				"west": {"uv": [0, 0, 0, 16], "texture": "#cross"},
				"up": {"uv": [0, 0, 0, 16], "rotation": 270, "texture": "#cross"},
				"down": {"uv": [0, 0, 0, 16], "rotation": 90, "texture": "#cross"}
			}
		},
		{
			"from": [0, 0, 2],
			"to": [16, 16, 2],
			"rotation": {"angle": 0, "axis": "y", "origin": [8.5, 8, 7]},
			"faces": {
				"north": {"uv": [0, 0, 16, 16], "texture": "#cross", "tintindex": 0},
				"east": {"uv": [0, 0, 0, 16], "texture": "#cross"},
				"south": {"uv": [0, 0, 16, 16], "texture": "#cross", "tintindex": 0},
				"west": {"uv": [0, 0, 0, 16], "texture": "#cross"},
				"up": {"uv": [0, 0, 0, 16], "rotation": 270, "texture": "#cross"},
				"down": {"uv": [0, 0, 0, 16], "rotation": 90, "texture": "#cross"}
			}
		},
		{
			"from": [0, 0, 14],
			"to": [16, 16, 14],
			"rotation": {"angle": 0, "axis": "y", "origin": [8.5, 8, 9]},
			"faces": {
				"north": {"uv": [0, 0, 16, 16], "texture": "#cross", "tintindex": 0},
				"east": {"uv": [0, 0, 0, 16], "texture": "#cross"},
				"south": {"uv": [0, 0, 16, 16], "texture": "#cross", "tintindex": 0},
				"west": {"uv": [0, 0, 0, 16], "texture": "#cross"},
				"up": {"uv": [0, 0, 0, 16], "rotation": 270, "texture": "#cross"},
				"down": {"uv": [0, 0, 0, 16], "rotation": 90, "texture": "#cross"}
			}
		}
	]
}