{
	"credit": "Made with Blockbench",
	"ambientocclusion": false,
	"textures": {
		"slab": "block/smooth_stone",
		"particle": "block/comparator",
		"top": "block/comparator",
		"unlit": "block/redstone_torch_off"
	},
	"elements": [
		{
			"from": [0, 0, 0],
			"to": [16, 2, 16],
			"faces": {
				"north": {"uv": [0, 14, 16, 16], "texture": "#slab", "cullface": "north"},
				"east": {"uv": [0, 14, 16, 16], "texture": "#slab", "cullface": "east"},
				"south": {"uv": [0, 14, 16, 16], "texture": "#slab", "cullface": "south"},
				"west": {"uv": [0, 14, 16, 16], "texture": "#slab", "cullface": "west"},
				"up": {"uv": [0, 0, 16, 16], "texture": "#top"},
				"down": {"uv": [0, 0, 16, 16], "texture": "#slab", "cullface": "down"}
			}
		},
		{
			"from": [7, 1, 2],
			"to": [9, 5, 4],
			"shade": false,
			"rotation": {"angle": 0, "axis": "y", "origin": [8, 0, 3]},
			"faces": {
				"north": {"uv": [2, 6, 4, 10], "texture": "#unlit"},
				"east": {"uv": [0, 6, 2, 10], "texture": "#unlit"},
				"south": {"uv": [6, 6, 8, 10], "texture": "#unlit"},
				"west": {"uv": [4, 6, 6, 10], "texture": "#unlit"},
				"up": {"uv": [2, 4, 4, 6], "texture": "#unlit"},
				"down": {"uv": [4, 4, 6, 6], "texture": "#unlit", "cullface": "down"}
			}
		},
		{
			"from": [2.5, 3, 12],
			"to": [7.5, 5, 12],
			"shade": false,
			"rotation": {"angle": 45, "axis": "y", "origin": [5, 4, 12]},
			"faces": {
				"north": {"uv": [9, 6, 13, 8], "texture": "#unlit"},
				"south": {"uv": [9, 6, 13, 8], "texture": "#unlit"}
			}
		},
		{
			"from": [4, 1, 11],
			"to": [6, 7, 13],
			"shade": false,
			"rotation": {"angle": 0, "axis": "y", "origin": [5, 2, 12]},
			"faces": {
				"north": {"uv": [2, 6, 4, 12], "texture": "#unlit"},
				"east": {"uv": [0, 6, 2, 12], "texture": "#unlit"},
				"south": {"uv": [6, 6, 8, 12], "texture": "#unlit"},
				"west": {"uv": [4, 6, 6, 12], "texture": "#unlit"},
				"up": {"uv": [2, 4, 4, 6], "texture": "#unlit"},
				"down": {"uv": [4, 4, 6, 6], "texture": "#unlit", "cullface": "down"}
			}
		},
		{
			"from": [5, 3, 9.5],
			"to": [5, 5, 14.5],
			"shade": false,
			"rotation": {"angle": 45, "axis": "y", "origin": [5, 4, 12]},
			"faces": {
				"east": {"uv": [9, 6, 13, 8], "texture": "#unlit"},
				"west": {"uv": [9, 6, 13, 8], "texture": "#unlit"}
			}
		},
		{
			"from": [8.5, 3, 12],
			"to": [13.5, 5, 12],
			"shade": false,
			"rotation": {"angle": 45, "axis": "y", "origin": [11, 4, 12]},
			"faces": {
				"north": {"uv": [9, 6, 13, 8], "texture": "#unlit"},
				"south": {"uv": [9, 6, 13, 8], "texture": "#unlit"}
			}
		},
		{
			"from": [10, 1, 11],
			"to": [12, 7, 13],
			"shade": false,
			"rotation": {"angle": 0, "axis": "y", "origin": [11, 2, 12]},
			"faces": {
				"north": {"uv": [2, 6, 4, 12], "texture": "#unlit"},
				"east": {"uv": [0, 6, 2, 12], "texture": "#unlit"},
				"south": {"uv": [6, 6, 8, 12], "texture": "#unlit"},
				"west": {"uv": [4, 6, 6, 12], "texture": "#unlit"},
				"up": {"uv": [2, 4, 4, 6], "texture": "#unlit"},
				"down": {"uv": [4, 4, 6, 6], "texture": "#unlit", "cullface": "down"}
			}
		},
		{
			"from": [11, 3, 9.5],
			"to": [11, 5, 14.5],
			"shade": false,
			"rotation": {"angle": 45, "axis": "y", "origin": [11, 4, 12]},
			"faces": {
				"east": {"uv": [9, 6, 13, 8], "texture": "#unlit"},
				"west": {"uv": [9, 6, 13, 8], "texture": "#unlit"}
			}
		}
	],
	"groups": [
		0,
		{
			"name": "group",
			"origin": [8, 7, 8],
			"color": 0,
			"children": [1]
		},
		{
			"name": "group",
			"origin": [8, 7, 8],
			"color": 0,
			"children": [2, 3, 4]
		},
		{
			"name": "group",
			"origin": [8, 7, 8],
			"color": 0,
			"children": [5, 6, 7]
		}
	]
}