{
	"credit": "Made with Blockbench",
	"parent": "block/block",
	"textures": {
		"particle": "block/exposed_copper_chain",
		"all": "block/exposed_copper_chain"
	},
	"elements": [
		{
			"from": [8, 0, 6],
			"to": [8, 16, 10],
			"shade": false,
			"rotation": {"angle": 45, "axis": "y", "origin": [8, 8, 8]},
			"faces": {
				"east": {"uv": [0, 0, 4, 16], "texture": "#all"},
				"west": {"uv": [0, 0, 4, 16], "texture": "#all"}
			}
		},
		{
			"from": [6, 0, 8],
			"to": [10, 16, 8],
			"shade": false,
			"rotation": {"angle": 45, "axis": "y", "origin": [8, 8, 8]},
			"faces": {
				"north": {"uv": [4, 0, 8, 16], "texture": "#all"},
				"south": {"uv": [4, 0, 8, 16], "texture": "#all"}
			}
		}
	]
}