{
	"format_version": "1.21.6",
	"credit": "Made with Blockbench",
	"ambientocclusion": false,
	"textures": {
		"particle": "#bars"
	},
	"elements": [
		{
			"from": [8, 0, 8],
			"to": [8, 16, 16],
			"faces": {
				"east": {"uv": [0, 0, 8, 16], "texture": "#bars"},
				"west": {"uv": [8, 0, 0, 16], "texture": "#bars"}
			}
		},
		{
			"from": [7, 0, 9],
			"to": [9, 16, 16],
			"faces": {
				"south": {"uv": [2, 0, 4, 16], "texture": "#edge", "cullface": "south"},
				"up": {"uv": [2, 9, 4, 16], "texture": "#edge"},
				"down": {"uv": [4, 9, 2, 16], "texture": "#edge"}
			}
		},
		{
			"from": [7, 0.001, 9],
			"to": [9, 0.001, 16],
			"faces": {
				"up": {"uv": [7, 9, 9, 16], "texture": "#edge"},
				"down": {"uv": [9, 9, 7, 16], "texture": "#edge"}
			}
		},
		{
			"from": [7, 15.999, 9],
			"to": [9, 15.999, 16],
			"faces": {
				"up": {"uv": [7, 9, 9, 16], "texture": "#edge"},
				"down": {"uv": [9, 9, 7, 16], "texture": "#edge"}
			}
		}
	]
}