{
	"credit": "Made with Blockbench",
	"ambientocclusion": false,
	"textures": {
		"particle": "#texture"
	},
	"elements": [
		{
			"from": [8, 0.25, 0],
			"to": [16, 0.25, 8],
			"rotation": {"angle": 0, "axis": "x", "origin": [10, 1.7617, 4.59985]},
			"faces": {
				"north": {"uv": [0, 0, 0, 0], "texture": "#texture"},
				"east": {"uv": [0, 0, 0, 0], "texture": "#texture"},
				"south": {"uv": [0, 0, 0, 0], "texture": "#texture"},
				"west": {"uv": [0, 0, 0, 0], "texture": "#texture"},
				"up": {"uv": [8, 0, 16, 8], "texture": "#texture"},
				"down": {"uv": [8, 8, 16, 0], "texture": "#texture"}
			}
		},
		{
			"from": [6, 0.45, -1],
			"to": [14, 0.45, 7],
			"rotation": {"angle": 0, "axis": "x", "origin": [8, 1.9617, 3.59985]},
			"faces": {
				"north": {"uv": [0, 0, 0, 0], "texture": "#texture"},
				"east": {"uv": [0, 0, 0, 0], "texture": "#texture"},
				"south": {"uv": [0, 0, 0, 0], "texture": "#texture"},
				"west": {"uv": [0, 0, 0, 0], "texture": "#texture"},
				"up": {"uv": [8, 0, 16, 8], "texture": "#texture"},
				"down": {"uv": [8, 8, 16, 0], "texture": "#texture"}
			}
		},
		{
			"from": [10, 0.375, 6],
			"to": [18, 0.375, 14],
			"rotation": {"angle": 0, "axis": "z", "origin": [7, 0.375, 10]},
			"faces": {
				"north": {"uv": [0, 0, 0, 0], "texture": "#texture"},
				"east": {"uv": [0, 0, 0, 0], "texture": "#texture"},
				"south": {"uv": [0, 0, 0, 0], "texture": "#texture"},
				"west": {"uv": [0, 0, 0, 0], "texture": "#texture"},
				"up": {"uv": [8, 0, 16, 8], "rotation": 90, "texture": "#texture"},
				"down": {"uv": [8, 8, 16, 0], "rotation": 270, "texture": "#texture"}
			}
		},
		{
			"from": [2, 0.25, 1],
			"to": [10, 0.25, 9],
			"rotation": {"angle": -22.5, "axis": "x", "origin": [6, 0.25, 1]},
			"faces": {
				"north": {"uv": [0, 0, 0, 0], "texture": "#texture"},
				"east": {"uv": [0, 0, 0, 0], "texture": "#texture"},
				"south": {"uv": [0, 0, 0, 0], "texture": "#texture"},
				"west": {"uv": [0, 0, 0, 0], "texture": "#texture"},
				"up": {"uv": [8, 0, 16, 8], "texture": "#texture"},
				"down": {"uv": [8, 8, 16, 0], "texture": "#texture"}
			}
		},
		{
			"from": [7, 0.25, 2],
			"to": [15, 0.25, 10],
			"rotation": {"angle": -22.5, "axis": "z", "origin": [15, 0.25, 6]},
			"faces": {
				"north": {"uv": [0, 0, 0, 0], "texture": "#texture"},
				"east": {"uv": [0, 0, 0, 0], "texture": "#texture"},
				"south": {"uv": [0, 0, 0, 0], "texture": "#texture"},
				"west": {"uv": [0, 0, 0, 0], "texture": "#texture"},
				"up": {"uv": [8, 0, 16, 8], "texture": "#texture"},
				"down": {"uv": [8, 8, 16, 0], "texture": "#texture"}
			}
		},
		{
			"from": [0, 0.25, 0],
			"to": [8, 0.25, 8],
			"faces": {
				"north": {"uv": [0, 0, 0, 0], "texture": "#texture"},
				"east": {"uv": [0, 0, 0, 0], "texture": "#texture"},
				"south": {"uv": [0, 0, 0, 0], "texture": "#texture"},
				"west": {"uv": [0, 0, 0, 0], "texture": "#texture"},
				"up": {"uv": [0, 0, 8, 8], "texture": "#texture"},
				"down": {"uv": [0, 8, 8, 0], "texture": "#texture"}
			}
		},
		{
			"from": [0, 0.25, 8],
			"to": [8, 0.25, 16],
			"faces": {
				"north": {"uv": [0, 0, 0, 0], "texture": "#texture"},
				"east": {"uv": [0, 0, 0, 0], "texture": "#texture"},
				"south": {"uv": [0, 0, 0, 0], "texture": "#texture"},
				"west": {"uv": [0, 0, 0, 0], "texture": "#texture"},
				"up": {"uv": [0, 8, 8, 16], "texture": "#texture"},
				"down": {"uv": [0, 16, 8, 8], "texture": "#texture"}
			}
		},
		{
			"from": [1, 0.25, 5],
			"to": [9, 0.25, 13],
			"rotation": {"angle": 22.5, "axis": "z", "origin": [1, 0, -3]},
			"faces": {
				"north": {"uv": [0, 0, 0, 0], "texture": "#texture"},
				"east": {"uv": [0, 0, 0, 0], "texture": "#texture"},
				"south": {"uv": [0, 0, 0, 0], "texture": "#texture"},
				"west": {"uv": [0, 0, 0, 0], "texture": "#texture"},
				"up": {"uv": [0, 8, 8, 16], "texture": "#texture"},
				"down": {"uv": [0, 16, 8, 8], "texture": "#texture"}
			}
		},
		{
			"from": [-2, 0.5, 2],
			"to": [6, 0.5, 10],
			"rotation": {"angle": 0, "axis": "y", "origin": [2, 0.5, 6]},
			"faces": {
				"north": {"uv": [0, 0, 0, 0], "texture": "#texture"},
				"east": {"uv": [0, 0, 0, 0], "texture": "#texture"},
				"south": {"uv": [0, 0, 0, 0], "texture": "#texture"},
				"west": {"uv": [0, 0, 0, 0], "texture": "#texture"},
				"up": {"uv": [0, 8, 8, 16], "rotation": 90, "texture": "#texture"},
				"down": {"uv": [0, 16, 8, 8], "rotation": 270, "texture": "#texture"}
			}
		},
		{
			"from": [8, 0.25, 8],
			"to": [16, 0.25, 16],
			"faces": {
				"north": {"uv": [0, 0, 0, 0], "texture": "#texture"},
				"east": {"uv": [0, 0, 0, 0], "texture": "#texture"},
				"south": {"uv": [0, 0, 0, 0], "texture": "#texture"},
				"west": {"uv": [0, 0, 0, 0], "texture": "#texture"},
				"up": {"uv": [8, 8, 16, 16], "texture": "#texture"},
				"down": {"uv": [8, 16, 16, 8], "texture": "#texture"}
			}
		},
		{
			"from": [6, 0.25, 7],
			"to": [14, 0.25, 15],
			"rotation": {"angle": 22.5, "axis": "x", "origin": [6, 0, 15]},
			"faces": {
				"north": {"uv": [0, 0, 0, 0], "texture": "#texture"},
				"east": {"uv": [0, 0, 0, 0], "texture": "#texture"},
				"south": {"uv": [0, 0, 0, 0], "texture": "#texture"},
				"west": {"uv": [0, 0, 0, 0], "texture": "#texture"},
				"up": {"uv": [8, 8, 16, 16], "texture": "#texture"},
				"down": {"uv": [8, 16, 16, 8], "texture": "#texture"}
			}
		},
		{
			"from": [2, 0.575, 9],
			"to": [10, 0.575, 17],
			"rotation": {"angle": 0, "axis": "y", "origin": [4, 2.0867, 13.59985]},
			"faces": {
				"north": {"uv": [0, 0, 0, 0], "texture": "#texture", "tintindex": 0},
				"east": {"uv": [0, 0, 0, 0], "texture": "#texture", "tintindex": 0},
				"south": {"uv": [0, 0, 0, 0], "texture": "#texture", "tintindex": 0},
				"west": {"uv": [0, 0, 0, 0], "texture": "#texture", "tintindex": 0},
				"up": {"uv": [8, 8, 16, 16], "texture": "#texture"},
				"down": {"uv": [8, 16, 16, 8], "texture": "#texture"}
			}
		}
	]
}