{
	"ambientocclusion": false,
	"textures": {
		"particle": "block/detector_rail_on",
		"rail": "block/detector_rail_on"
	},
	"elements": [
		{
			"name": "plank1",
			"from": [1, 0, 2],
			"to": [2, 1, 5],
			"rotation": {"angle": -45, "axis": "x", "origin": [0, 1, 0], "rescale": true},
			"faces": {
				"north": {"uv": [1, 3, 2, 4], "texture": "#rail"},
				"south": {"uv": [1, 5, 2, 6], "texture": "#rail"},
				"west": {"uv": [1, 3, 2, 6], "rotation": 270, "texture": "#rail"},
				"up": {"uv": [1, 3, 2, 6], "texture": "#rail"},
				"down": {"uv": [1, 3, 2, 6], "rotation": 180, "texture": "#rail"}
			}
		},
		{
			"name": "plank2",
			"from": [5, 0, 2],
			"to": [11, 1, 13],
			"rotation": {"angle": -45, "axis": "x", "origin": [0, 1, 0], "rescale": true},
			"faces": {
				"north": {"uv": [5, 3, 11, 4], "rotation": 180, "texture": "#rail"},
				"south": {"uv": [5, 13, 11, 14], "texture": "#rail"},
				"up": {"uv": [5, 3, 11, 14], "texture": "#rail"},
				"down": {"uv": [11, 3, 5, 14], "rotation": 180, "texture": "#rail"}
			}
		},
		{
			"name": "plank3",
			"from": [14, 0, 2],
			"to": [15, 1, 5],
			"rotation": {"angle": -45, "axis": "x", "origin": [0, 1, 0], "rescale": true},
			"faces": {
				"north": {"uv": [14, 3, 15, 4], "texture": "#rail"},
				"east": {"uv": [14, 3, 15, 6], "rotation": 90, "texture": "#rail"},
				"south": {"uv": [14, 5, 15, 6], "texture": "#rail"},
				"up": {"uv": [14, 3, 15, 6], "texture": "#rail"},
				"down": {"uv": [14, 3, 15, 6], "rotation": 180, "texture": "#rail"}
			}
		},
		{
			"name": "plank4",
			"from": [1, 0, 10],
			"to": [2, 1, 13],
			"rotation": {"angle": -45, "axis": "x", "origin": [0, 1, 0], "rescale": true},
			"faces": {
				"north": {"uv": [1, 11, 2, 12], "texture": "#rail"},
				"south": {"uv": [1, 13, 2, 14], "texture": "#rail"},
				"west": {"uv": [1, 11, 2, 14], "rotation": 270, "texture": "#rail"},
				"up": {"uv": [1, 11, 2, 14], "texture": "#rail"},
				"down": {"uv": [1, 11, 2, 14], "rotation": 180, "texture": "#rail"}
			}
		},
		{
			"name": "plank6",
			"from": [14, 0, 10],
			"to": [15, 1, 13],
			"rotation": {"angle": -45, "axis": "x", "origin": [0, 1, 0], "rescale": true},
			"faces": {
				"north": {"uv": [14, 11, 15, 12], "texture": "#rail"},
				"east": {"uv": [14, 11, 15, 14], "rotation": 90, "texture": "#rail"},
				"south": {"uv": [14, 13, 15, 14], "texture": "#rail"},
				"up": {"uv": [14, 11, 15, 14], "texture": "#rail"},
				"down": {"uv": [14, 11, 15, 14], "rotation": 180, "texture": "#rail"}
			}
		},
		{
			"name": "rail1",
			"from": [1.999, 0, 0],
			"to": [5.001, 1, 16],
			"rotation": {"angle": -45, "axis": "x", "origin": [0, 1, 0], "rescale": true},
			"faces": {
				"north": {"uv": [5, 0, 2, 1], "texture": "#rail"},
				"east": {"uv": [4, 0, 5, 16], "rotation": 90, "texture": "#rail"},
				"south": {"uv": [2, 15, 5, 16], "texture": "#rail"},
				"west": {"uv": [2, 0, 3, 16], "rotation": 90, "texture": "#rail"},
				"up": {"uv": [2, 0, 5, 16], "texture": "#rail"},
				"down": {"uv": [2, 16, 5, 0], "texture": "#rail"}
			}
		},
		{
			"name": "rail2",
			"from": [10.999, 0, 0],
			"to": [14.001, 1, 16],
			"rotation": {"angle": -45, "axis": "x", "origin": [0, 1, 0], "rescale": true},
			"faces": {
				"north": {"uv": [14, 0, 11, 1], "texture": "#rail"},
				"east": {"uv": [13, 0, 14, 16], "rotation": 90, "texture": "#rail"},
				"south": {"uv": [11, 15, 14, 16], "texture": "#rail"},
				"west": {"uv": [11, 0, 12, 16], "rotation": 90, "texture": "#rail"},
				"up": {"uv": [11, 0, 14, 16], "texture": "#rail"},
				"down": {"uv": [11, 16, 14, 0], "texture": "#rail"}
			}
		}
	]
}