{
  "variants": {
    "axis=x": {
      "model": "minecraft:block/pale_oak_log_horizontal",
      "x": 90,
      "y": 90
    },
    "axis=y": [
      {
        "model": "minecraft:block/pale_oak_log",
        "weight": 47
      },
      {
        "model": "minecraft:block/pale_oak_log1",
        "weight": 1
      },
      {
        "model": "minecraft:block/pale_oak_log2",
        "weight": 1
      },
      {
        "model": "minecraft:block/pale_oak_log3",
        "weight": 1
      }
    ],
    "axis=z": {
      "model": "minecraft:block/pale_oak_log_horizontal",
      "x": 90
    }
  }
}