{
  "variants": {
    "snowy=false": [
      {
        "model": "minecraft:block/podzol1"
      },
      {
        "model": "minecraft:block/podzol1",
        "y": 90
      },
      {
        "model": "minecraft:block/podzol1",
        "y": 180
      },
      {
        "model": "minecraft:block/podzol1",
        "y": 270
      },
      {
        "model": "minecraft:block/podzol2"
      },
      {
        "model": "minecraft:block/podzol2",
        "y": 90
      },
      {
        "model": "minecraft:block/podzol2",
        "y": 180
      },
      {
        "model": "minecraft:block/podzol2",
        "y": 270
      },
      {
        "model": "minecraft:block/podzol3"
      },
      {
        "model": "minecraft:block/podzol3",
        "y": 90
      },
      {
        "model": "minecraft:block/podzol3",
        "y": 180
      },
      {
        "model": "minecraft:block/podzol3",
        "y": 270
      }
    ],
    "snowy=true": {
      "model": "minecraft:block/grass_block_snow"
    }
  }
}