{
  "variants": {
    "": [
      {
        "model": "minecraft:block/sculk",
        "weight": 200
      },
      {
        "model": "minecraft:block/sculk_mirrored",
        "weight": 200
      },
      {
        "model": "minecraft:block/sculk",
        "y": 180,
        "weight": 200
      },
      {
        "model": "minecraft:block/sculk_mirrored",
        "y": 180,
        "weight": 200
      },
      {
        "model": "minecraft:block/staring_sculk",
        "weight": 1,
        "y" : 180
      },
      {
        "model": "minecraft:block/staring_sculk",
        "weight": 1,
        "y" : 90
      },
      {
        "model": "minecraft:block/staring_sculk",
        "weight": 1
      }
    ]
  }
}