{
	"credit": "Made with Blockbench",
	"texture_size": [32, 32],
	"textures": {
		"0": "item/enchanted_crossbow",
		"1": "item/crossbow_outline",
		"particle": "item/enchanted_crossbow"
	},
	"elements": [
		{
			"name": "enchanted_crossbow_0",
			"from": [12, 12, 7.5],
			"to": [13, 16, 8.5],
			"rotation": {"angle": 0, "axis": "y", "origin": [0, 0, 7.5]},
			"faces": {
				"north": {"uv": [13, 0, 12, 4], "texture": "#0"},
				"east": {"uv": [12, 0, 13, 4], "texture": "#0"},
				"south": {"uv": [12, 0, 13, 4], "texture": "#0"},
				"west": {"uv": [12, 0, 13, 4], "texture": "#0"},
				"up": {"uv": [12, 0, 13, 1], "texture": "#0"},
				"down": {"uv": [12, 3, 13, 4], "texture": "#0"}
			}
		},
		{
			"name": "enchanted_crossbow_1",
			"from": [8, 12, 7.5],
			"to": [11, 15, 8.5],
			"rotation": {"angle": 0, "axis": "y", "origin": [0, 0, 7.5]},
			"faces": {
				"north": {"uv": [11, 1, 8, 4], "texture": "#0"},
				"east": {"uv": [10, 1, 11, 4], "texture": "#0"},
				"south": {"uv": [8, 1, 11, 4], "texture": "#0"},
				"west": {"uv": [8, 1, 9, 4], "texture": "#0"},
				"up": {"uv": [8, 1, 11, 2], "texture": "#0"},
				"down": {"uv": [8, 3, 11, 4], "texture": "#0"}
			}
		},
		{
			"name": "enchanted_crossbow_2",
			"from": [11, 13, 7.5],
			"to": [12, 15, 8.5],
			"rotation": {"angle": 0, "axis": "y", "origin": [0, 0, 7.5]},
			"faces": {
				"north": {"uv": [12, 1, 11, 3], "texture": "#0"},
				"east": {"uv": [11, 1, 12, 3], "texture": "#0"},
				"south": {"uv": [11, 1, 12, 3], "texture": "#0"},
				"west": {"uv": [11, 1, 12, 3], "texture": "#0"},
				"up": {"uv": [11, 1, 12, 2], "texture": "#0"},
				"down": {"uv": [11, 2, 12, 3], "texture": "#0"}
			}
		},
		{
			"name": "enchanted_crossbow_3",
			"from": [13, 13, 7.5],
			"to": [14, 15, 8.5],
			"rotation": {"angle": 0, "axis": "y", "origin": [0, 0, 7.5]},
			"faces": {
				"north": {"uv": [14, 1, 13, 3], "texture": "#0"},
				"east": {"uv": [13, 1, 14, 3], "texture": "#0"},
				"south": {"uv": [13, 1, 14, 3], "texture": "#0"},
				"west": {"uv": [13, 1, 14, 3], "texture": "#0"},
				"up": {"uv": [13, 1, 14, 2], "texture": "#0"},
				"down": {"uv": [13, 2, 14, 3], "texture": "#0"}
			}
		},
		{
			"name": "enchanted_crossbow_4",
			"from": [3, 13, 7.5],
			"to": [5, 14, 8.5],
			"rotation": {"angle": 0, "axis": "y", "origin": [0, 0, 7.5]},
			"faces": {
				"north": {"uv": [5, 2, 3, 3], "texture": "#0"},
				"east": {"uv": [4, 2, 5, 3], "texture": "#0"},
				"south": {"uv": [3, 2, 5, 3], "texture": "#0"},
				"west": {"uv": [3, 2, 4, 3], "texture": "#0"},
				"up": {"uv": [3, 2, 5, 3], "texture": "#0"},
				"down": {"uv": [3, 2, 5, 3], "texture": "#0"}
			}
		},
		{
			"name": "enchanted_crossbow_5",
			"from": [6, 6, 7.5],
			"to": [8, 14, 8.5],
			"rotation": {"angle": 0, "axis": "y", "origin": [0, 0, 7.5]},
			"faces": {
				"north": {"uv": [8, 2, 6, 10], "texture": "#0"},
				"east": {"uv": [7, 2, 8, 10], "texture": "#0"},
				"south": {"uv": [6, 2, 8, 10], "texture": "#0"},
				"west": {"uv": [6, 2, 7, 10], "texture": "#0"},
				"up": {"uv": [6, 2, 8, 3], "texture": "#0"},
				"down": {"uv": [6, 9, 8, 10], "texture": "#0"}
			}
		},
		{
			"name": "enchanted_crossbow_6",
			"from": [2, 11, 7.5],
			"to": [3, 13, 8.5],
			"rotation": {"angle": 0, "axis": "y", "origin": [0, 0, 7.5]},
			"faces": {
				"north": {"uv": [3, 3, 2, 5], "texture": "#0"},
				"east": {"uv": [2, 3, 3, 5], "texture": "#0"},
				"south": {"uv": [2, 3, 3, 5], "texture": "#0"},
				"west": {"uv": [2, 3, 3, 5], "texture": "#0"},
				"up": {"uv": [2, 3, 3, 4], "texture": "#0"},
				"down": {"uv": [2, 4, 3, 5], "texture": "#0"}
			}
		},
		{
			"name": "enchanted_crossbow_7",
			"from": [5, 7, 7.5],
			"to": [6, 13, 8.5],
			"rotation": {"angle": 0, "axis": "y", "origin": [0, 0, 7.5]},
			"faces": {
				"north": {"uv": [6, 3, 5, 9], "texture": "#0"},
				"east": {"uv": [5, 3, 6, 9], "texture": "#0"},
				"south": {"uv": [5, 3, 6, 9], "texture": "#0"},
				"west": {"uv": [5, 3, 6, 9], "texture": "#0"},
				"up": {"uv": [5, 3, 6, 4], "texture": "#0"},
				"down": {"uv": [5, 8, 6, 9], "texture": "#0"}
			}
		},
		{
			"name": "enchanted_crossbow_8",
			"from": [4, 8, 7.5],
			"to": [5, 12, 8.5],
			"rotation": {"angle": 0, "axis": "y", "origin": [0, 0, 7.5]},
			"faces": {
				"north": {"uv": [5, 4, 4, 8], "texture": "#0"},
				"east": {"uv": [4, 4, 5, 8], "texture": "#0"},
				"south": {"uv": [4, 4, 5, 8], "texture": "#0"},
				"west": {"uv": [4, 4, 5, 8], "texture": "#0"},
				"up": {"uv": [4, 4, 5, 5], "texture": "#0"},
				"down": {"uv": [4, 7, 5, 8], "texture": "#0"}
			}
		},
		{
			"name": "enchanted_crossbow_9",
			"from": [11, 11, 7.5],
			"to": [12, 12, 8.5],
			"rotation": {"angle": 0, "axis": "y", "origin": [0, 0, 7.5]},
			"faces": {
				"north": {"uv": [12, 4, 11, 5], "texture": "#0"},
				"east": {"uv": [11, 4, 12, 5], "texture": "#0"},
				"south": {"uv": [11, 4, 12, 5], "texture": "#0"},
				"west": {"uv": [11, 4, 12, 5], "texture": "#0"},
				"up": {"uv": [11, 4, 12, 5], "texture": "#0"},
				"down": {"uv": [11, 4, 12, 5], "texture": "#0"}
			}
		},
		{
			"name": "enchanted_crossbow_10",
			"from": [3, 6, 7.5],
			"to": [4, 11, 8.5],
			"rotation": {"angle": 0, "axis": "y", "origin": [0, 0, 7.5]},
			"faces": {
				"north": {"uv": [4, 5, 3, 10], "texture": "#0"},
				"east": {"uv": [3, 5, 4, 10], "texture": "#0"},
				"south": {"uv": [3, 5, 4, 10], "texture": "#0"},
				"west": {"uv": [3, 5, 4, 10], "texture": "#0"},
				"up": {"uv": [3, 5, 4, 6], "texture": "#0"},
				"down": {"uv": [3, 9, 4, 10], "texture": "#0"}
			}
		},
		{
			"name": "enchanted_crossbow_11",
			"from": [8, 4, 7.5],
			"to": [9, 11, 8.5],
			"rotation": {"angle": 0, "axis": "y", "origin": [0, 0, 7.5]},
			"faces": {
				"north": {"uv": [9, 5, 8, 12], "texture": "#0"},
				"east": {"uv": [8, 5, 9, 12], "texture": "#0"},
				"south": {"uv": [8, 5, 9, 12], "texture": "#0"},
				"west": {"uv": [8, 5, 9, 12], "texture": "#0"},
				"up": {"uv": [8, 5, 9, 6], "texture": "#0"},
				"down": {"uv": [8, 11, 9, 12], "texture": "#0"}
			}
		},
		{
			"name": "enchanted_crossbow_12",
			"from": [10, 10, 7.5],
			"to": [11, 11, 8.5],
			"rotation": {"angle": 0, "axis": "y", "origin": [0, 0, 7.5]},
			"faces": {
				"north": {"uv": [11, 5, 10, 6], "texture": "#0"},
				"east": {"uv": [10, 5, 11, 6], "texture": "#0"},
				"south": {"uv": [10, 5, 11, 6], "texture": "#0"},
				"west": {"uv": [10, 5, 11, 6], "texture": "#0"},
				"up": {"uv": [10, 5, 11, 6], "texture": "#0"},
				"down": {"uv": [10, 5, 11, 6], "texture": "#0"}
			}
		},
		{
			"name": "enchanted_crossbow_13",
			"from": [2, 2, 7.5],
			"to": [3, 10, 8.5],
			"rotation": {"angle": 0, "axis": "y", "origin": [0, 0, 7.5]},
			"faces": {
				"north": {"uv": [3, 6, 2, 14], "texture": "#0"},
				"east": {"uv": [2, 6, 3, 14], "texture": "#0"},
				"south": {"uv": [2, 6, 3, 14], "texture": "#0"},
				"west": {"uv": [2, 6, 3, 14], "texture": "#0"},
				"up": {"uv": [2, 6, 3, 7], "texture": "#0"},
				"down": {"uv": [2, 13, 3, 14], "texture": "#0"}
			}
		},
		{
			"name": "enchanted_crossbow_14",
			"from": [9, 3, 7.5],
			"to": [10, 10, 8.5],
			"rotation": {"angle": 0, "axis": "y", "origin": [0, 0, 7.5]},
			"faces": {
				"north": {"uv": [10, 6, 9, 13], "texture": "#0"},
				"east": {"uv": [9, 6, 10, 13], "texture": "#0"},
				"south": {"uv": [9, 6, 10, 13], "texture": "#0"},
				"west": {"uv": [9, 6, 10, 13], "texture": "#0"},
				"up": {"uv": [9, 6, 10, 7], "texture": "#0"},
				"down": {"uv": [9, 12, 10, 13], "texture": "#0"}
			}
		},
		{
			"name": "enchanted_crossbow_15",
			"from": [10, 3, 7.5],
			"to": [11, 9, 8.5],
			"rotation": {"angle": 0, "axis": "y", "origin": [0, 0, 7.5]},
			"faces": {
				"north": {"uv": [11, 7, 10, 13], "texture": "#0"},
				"east": {"uv": [10, 7, 11, 13], "texture": "#0"},
				"south": {"uv": [10, 7, 11, 13], "texture": "#0"},
				"west": {"uv": [10, 7, 11, 13], "texture": "#0"},
				"up": {"uv": [10, 7, 11, 8], "texture": "#0"},
				"down": {"uv": [10, 12, 11, 13], "texture": "#0"}
			}
		},
		{
			"name": "enchanted_crossbow_16",
			"from": [1, 2, 7.5],
			"to": [2, 8, 8.5],
			"rotation": {"angle": 0, "axis": "y", "origin": [0, 0, 7.5]},
			"faces": {
				"north": {"uv": [2, 8, 1, 14], "texture": "#0"},
				"east": {"uv": [1, 8, 2, 14], "texture": "#0"},
				"south": {"uv": [1, 8, 2, 14], "texture": "#0"},
				"west": {"uv": [1, 8, 2, 14], "texture": "#0"},
				"up": {"uv": [1, 8, 2, 9], "texture": "#0"},
				"down": {"uv": [1, 13, 2, 14], "texture": "#0"}
			}
		},
		{
			"name": "enchanted_crossbow_17",
			"from": [11, 2, 7.5],
			"to": [12, 8, 8.5],
			"rotation": {"angle": 0, "axis": "y", "origin": [0, 0, 7.5]},
			"faces": {
				"north": {"uv": [12, 8, 11, 14], "texture": "#0"},
				"east": {"uv": [11, 8, 12, 14], "texture": "#0"},
				"south": {"uv": [11, 8, 12, 14], "texture": "#0"},
				"west": {"uv": [11, 8, 12, 14], "texture": "#0"},
				"up": {"uv": [11, 8, 12, 9], "texture": "#0"},
				"down": {"uv": [11, 13, 12, 14], "texture": "#0"}
			}
		},
		{
			"name": "enchanted_crossbow_18",
			"from": [12, 1, 7.5],
			"to": [13, 7, 8.5],
			"rotation": {"angle": 0, "axis": "y", "origin": [0, 0, 7.5]},
			"faces": {
				"north": {"uv": [13, 9, 12, 15], "texture": "#0"},
				"east": {"uv": [12, 9, 13, 15], "texture": "#0"},
				"south": {"uv": [12, 9, 13, 15], "texture": "#0"},
				"west": {"uv": [12, 9, 13, 15], "texture": "#0"},
				"up": {"uv": [12, 9, 13, 10], "texture": "#0"},
				"down": {"uv": [12, 14, 13, 15], "texture": "#0"}
			}
		},
		{
			"name": "enchanted_crossbow_19",
			"from": [5, 5, 7.5],
			"to": [6, 6, 8.5],
			"rotation": {"angle": 0, "axis": "y", "origin": [0, 0, 7.5]},
			"faces": {
				"north": {"uv": [6, 10, 5, 11], "texture": "#0"},
				"east": {"uv": [5, 10, 6, 11], "texture": "#0"},
				"south": {"uv": [5, 10, 6, 11], "texture": "#0"},
				"west": {"uv": [5, 10, 6, 11], "texture": "#0"},
				"up": {"uv": [5, 10, 6, 11], "texture": "#0"},
				"down": {"uv": [5, 10, 6, 11], "texture": "#0"}
			}
		},
		{
			"name": "enchanted_crossbow_20",
			"from": [7, 5, 7.5],
			"to": [8, 6, 8.5],
			"rotation": {"angle": 0, "axis": "y", "origin": [0, 0, 7.5]},
			"faces": {
				"north": {"uv": [8, 10, 7, 11], "texture": "#0"},
				"east": {"uv": [7, 10, 8, 11], "texture": "#0"},
				"south": {"uv": [7, 10, 8, 11], "texture": "#0"},
				"west": {"uv": [7, 10, 8, 11], "texture": "#0"},
				"up": {"uv": [7, 10, 8, 11], "texture": "#0"},
				"down": {"uv": [7, 10, 8, 11], "texture": "#0"}
			}
		},
		{
			"name": "enchanted_crossbow_21",
			"from": [4, 4, 7.5],
			"to": [5, 5, 8.5],
			"rotation": {"angle": 0, "axis": "y", "origin": [0, 0, 7.5]},
			"faces": {
				"north": {"uv": [5, 11, 4, 12], "texture": "#0"},
				"east": {"uv": [4, 11, 5, 12], "texture": "#0"},
				"south": {"uv": [4, 11, 5, 12], "texture": "#0"},
				"west": {"uv": [4, 11, 5, 12], "texture": "#0"},
				"up": {"uv": [4, 11, 5, 12], "texture": "#0"},
				"down": {"uv": [4, 11, 5, 12], "texture": "#0"}
			}
		},
		{
			"name": "enchanted_crossbow_22",
			"from": [13, 0, 7.5],
			"to": [14, 5, 8.5],
			"rotation": {"angle": 0, "axis": "y", "origin": [0, 0, 7.5]},
			"faces": {
				"north": {"uv": [14, 11, 13, 16], "texture": "#0"},
				"east": {"uv": [13, 11, 14, 16], "texture": "#0"},
				"south": {"uv": [13, 11, 14, 16], "texture": "#0"},
				"west": {"uv": [13, 11, 14, 16], "texture": "#0"},
				"up": {"uv": [13, 11, 14, 12], "texture": "#0"},
				"down": {"uv": [13, 15, 14, 16], "texture": "#0"}
			}
		},
		{
			"name": "enchanted_crossbow_23",
			"from": [0, 3, 7.5],
			"to": [1, 4, 8.5],
			"rotation": {"angle": 0, "axis": "y", "origin": [0, 0, 7.5]},
			"faces": {
				"north": {"uv": [1, 12, 0, 13], "texture": "#0"},
				"east": {"uv": [0, 12, 1, 13], "texture": "#0"},
				"south": {"uv": [0, 12, 1, 13], "texture": "#0"},
				"west": {"uv": [0, 12, 1, 13], "texture": "#0"},
				"up": {"uv": [0, 12, 1, 13], "texture": "#0"},
				"down": {"uv": [0, 12, 1, 13], "texture": "#0"}
			}
		},
		{
			"name": "enchanted_crossbow_24",
			"from": [3, 3, 7.5],
			"to": [4, 4, 8.5],
			"rotation": {"angle": 0, "axis": "y", "origin": [0, 0, 7.5]},
			"faces": {
				"north": {"uv": [4, 12, 3, 13], "texture": "#0"},
				"east": {"uv": [3, 12, 4, 13], "texture": "#0"},
				"south": {"uv": [3, 12, 4, 13], "texture": "#0"},
				"west": {"uv": [3, 12, 4, 13], "texture": "#0"},
				"up": {"uv": [3, 12, 4, 13], "texture": "#0"},
				"down": {"uv": [3, 12, 4, 13], "texture": "#0"}
			}
		},
		{
			"name": "enchanted_crossbow_25",
			"from": [14, 0, 7.5],
			"to": [15, 4, 8.5],
			"rotation": {"angle": 0, "axis": "y", "origin": [0, 0, 7.5]},
			"faces": {
				"north": {"uv": [15, 12, 14, 16], "texture": "#0"},
				"east": {"uv": [14, 12, 15, 16], "texture": "#0"},
				"south": {"uv": [14, 12, 15, 16], "texture": "#0"},
				"west": {"uv": [14, 12, 15, 16], "texture": "#0"},
				"up": {"uv": [14, 12, 15, 13], "texture": "#0"},
				"down": {"uv": [14, 15, 15, 16], "texture": "#0"}
			}
		},
		{
			"name": "enchanted_crossbow_26",
			"from": [15, 1, 7.5],
			"to": [16, 3, 8.5],
			"rotation": {"angle": 0, "axis": "y", "origin": [0, 0, 7.5]},
			"faces": {
				"north": {"uv": [16, 13, 15, 15], "texture": "#0"},
				"east": {"uv": [15, 13, 16, 15], "texture": "#0"},
				"south": {"uv": [15, 13, 16, 15], "texture": "#0"},
				"west": {"uv": [15, 13, 16, 15], "texture": "#0"},
				"up": {"uv": [15, 13, 16, 14], "texture": "#0"},
				"down": {"uv": [15, 14, 16, 15], "texture": "#0"}
			}
		},
		{
			"name": "enchanted_crossbow_0_outline",
			"from": [13.1, 16.1, 8.6],
			"to": [11.9, 11.9, 7.4],
			"rotation": {"angle": 0, "axis": "y", "origin": [0, 0, 7.5]},
			"faces": {
				"north": {"uv": [8, 2.5, 8.5, 4.5], "texture": "#1"},
				"east": {"uv": [8, 4.5, 8.5, 6.5], "texture": "#1"},
				"south": {"uv": [8, 6.5, 8.5, 8.5], "texture": "#1"},
				"west": {"uv": [7.5, 8, 8, 10], "texture": "#1"},
				"up": {"uv": [2, 10.5, 1.5, 10], "texture": "#1"},
				"down": {"uv": [2.5, 10, 2, 10.5], "texture": "#1"}
			}
		},
		{
			"name": "enchanted_crossbow_1_outline",
			"from": [11.1, 15.1, 8.6],
			"to": [7.9, 11.9, 7.4],
			"rotation": {"angle": 0, "axis": "y", "origin": [0, 0, 7.5]},
			"faces": {
				"north": {"uv": [2, 0, 3.5, 1.5], "texture": "#1"},
				"east": {"uv": [9, 4, 9.5, 5.5], "texture": "#1"},
				"south": {"uv": [2, 1.5, 3.5, 3], "texture": "#1"},
				"west": {"uv": [5.5, 9, 6, 10.5], "texture": "#1"},
				"up": {"uv": [10.5, 6, 9, 5.5], "texture": "#1"},
				"down": {"uv": [7.5, 9, 6, 9.5], "texture": "#1"}
			}
		},
		{
			"name": "enchanted_crossbow_2_outline",
			"from": [12.1, 15.1, 8.6],
			"to": [10.9, 12.9, 7.4],
			"rotation": {"angle": 0, "axis": "y", "origin": [0, 0, 7.5]},
			"faces": {
				"north": {"uv": [9, 6, 9.5, 7], "texture": "#1"},
				"east": {"uv": [9, 7, 9.5, 8], "texture": "#1"},
				"south": {"uv": [9, 8, 9.5, 9], "texture": "#1"},
				"west": {"uv": [9, 9, 9.5, 10], "texture": "#1"},
				"up": {"uv": [10.5, 2.5, 10, 2], "texture": "#1"},
				"down": {"uv": [3, 10, 2.5, 10.5], "texture": "#1"}
			}
		},
		{
			"name": "enchanted_crossbow_3_outline",
			"from": [14.1, 15.1, 8.6],
			"to": [12.9, 12.9, 7.4],
			"rotation": {"angle": 0, "axis": "y", "origin": [0, 0, 7.5]},
			"faces": {
				"north": {"uv": [9.5, 0, 10, 1], "texture": "#1"},
				"east": {"uv": [9.5, 1, 10, 2], "texture": "#1"},
				"south": {"uv": [9.5, 2, 10, 3], "texture": "#1"},
				"west": {"uv": [9.5, 3, 10, 4], "texture": "#1"},
				"up": {"uv": [10.5, 3, 10, 2.5], "texture": "#1"},
				"down": {"uv": [3.5, 10, 3, 10.5], "texture": "#1"}
			}
		},
		{
			"name": "enchanted_crossbow_4_outline",
			"from": [5.1, 14.1, 8.6],
			"to": [2.9, 12.9, 7.4],
			"rotation": {"angle": 0, "axis": "y", "origin": [0, 0, 7.5]},
			"faces": {
				"north": {"uv": [9.5, 4, 10.5, 4.5], "texture": "#1"},
				"east": {"uv": [10, 3, 10.5, 3.5], "texture": "#1"},
				"south": {"uv": [9.5, 4.5, 10.5, 5], "texture": "#1"},
				"west": {"uv": [3.5, 10, 4, 10.5], "texture": "#1"},
				"up": {"uv": [10.5, 5.5, 9.5, 5], "texture": "#1"},
				"down": {"uv": [7, 9.5, 6, 10], "texture": "#1"}
			}
		},
		{
			"name": "enchanted_crossbow_5_outline",
			"from": [8.1, 14.1, 8.6],
			"to": [5.9, 5.9, 7.4],
			"rotation": {"angle": 0, "axis": "y", "origin": [0, 0, 7.5]},
			"faces": {
				"north": {"uv": [0, 0, 1, 4], "texture": "#1"},
				"east": {"uv": [2, 3, 2.5, 7], "texture": "#1"},
				"south": {"uv": [1, 0, 2, 4], "texture": "#1"},
				"west": {"uv": [2.5, 3, 3, 7], "texture": "#1"},
				"up": {"uv": [10.5, 6.5, 9.5, 6], "texture": "#1"},
				"down": {"uv": [10.5, 6.5, 9.5, 7], "texture": "#1"}
			}
		},
		{
			"name": "enchanted_crossbow_6_outline",
			"from": [3.1, 13.1, 8.6],
			"to": [1.9, 10.9, 7.4],
			"rotation": {"angle": 0, "axis": "y", "origin": [0, 0, 7.5]},
			"faces": {
				"north": {"uv": [5, 9.5, 5.5, 10.5], "texture": "#1"},
				"east": {"uv": [7, 9.5, 7.5, 10.5], "texture": "#1"},
				"south": {"uv": [9.5, 7, 10, 8], "texture": "#1"},
				"west": {"uv": [9.5, 8, 10, 9], "texture": "#1"},
				"up": {"uv": [10.5, 4, 10, 3.5], "texture": "#1"},
				"down": {"uv": [4.5, 10, 4, 10.5], "texture": "#1"}
			}
		},
		{
			"name": "enchanted_crossbow_7_outline",
			"from": [6.1, 13.1, 8.6],
			"to": [4.9, 6.9, 7.4],
			"rotation": {"angle": 0, "axis": "y", "origin": [0, 0, 7.5]},
			"faces": {
				"north": {"uv": [5, 3.5, 5.5, 6.5], "texture": "#1"},
				"east": {"uv": [5.5, 0, 6, 3], "texture": "#1"},
				"south": {"uv": [5.5, 3, 6, 6], "texture": "#1"},
				"west": {"uv": [6, 0, 6.5, 3], "texture": "#1"},
				"up": {"uv": [5, 10.5, 4.5, 10], "texture": "#1"},
				"down": {"uv": [6.5, 10, 6, 10.5], "texture": "#1"}
			}
		},
		{
			"name": "enchanted_crossbow_8_outline",
			"from": [5.1, 12.1, 8.6],
			"to": [3.9, 7.9, 7.4],
			"rotation": {"angle": 0, "axis": "y", "origin": [0, 0, 7.5]},
			"faces": {
				"north": {"uv": [8.5, 0, 9, 2], "texture": "#1"},
				"east": {"uv": [8.5, 2, 9, 4], "texture": "#1"},
				"south": {"uv": [8.5, 4, 9, 6], "texture": "#1"},
				"west": {"uv": [8.5, 6, 9, 8], "texture": "#1"},
				"up": {"uv": [7, 10.5, 6.5, 10], "texture": "#1"},
				"down": {"uv": [10.5, 7, 10, 7.5], "texture": "#1"}
			}
		},
		{
			"name": "enchanted_crossbow_9_outline",
			"from": [12.1, 12.1, 8.6],
			"to": [10.9, 10.9, 7.4],
			"rotation": {"angle": 0, "axis": "y", "origin": [0, 0, 7.5]},
			"faces": {
				"north": {"uv": [7.5, 10, 8, 10.5], "texture": "#1"},
				"east": {"uv": [10, 7.5, 10.5, 8], "texture": "#1"},
				"south": {"uv": [10, 8, 10.5, 8.5], "texture": "#1"},
				"west": {"uv": [8.5, 10, 9, 10.5], "texture": "#1"},
				"up": {"uv": [10.5, 9, 10, 8.5], "texture": "#1"},
				"down": {"uv": [9.5, 10, 9, 10.5], "texture": "#1"}
			}
		},
		{
			"name": "enchanted_crossbow_10_outline",
			"from": [4.1, 11.1, 8.6],
			"to": [2.9, 5.9, 7.4],
			"rotation": {"angle": 0, "axis": "y", "origin": [0, 0, 7.5]},
			"faces": {
				"north": {"uv": [1, 7.5, 1.5, 10], "texture": "#1"},
				"east": {"uv": [1.5, 7.5, 2, 10], "texture": "#1"},
				"south": {"uv": [7.5, 3, 8, 5.5], "texture": "#1"},
				"west": {"uv": [3.5, 7.5, 4, 10], "texture": "#1"},
				"up": {"uv": [10.5, 9.5, 10, 9], "texture": "#1"},
				"down": {"uv": [10, 10, 9.5, 10.5], "texture": "#1"}
			}
		},
		{
			"name": "enchanted_crossbow_11_outline",
			"from": [9.1, 11.1, 8.6],
			"to": [7.9, 3.9, 7.4],
			"rotation": {"angle": 0, "axis": "y", "origin": [0, 0, 7.5]},
			"faces": {
				"north": {"uv": [0.5, 4, 1, 7.5], "texture": "#1"},
				"east": {"uv": [1, 4, 1.5, 7.5], "texture": "#1"},
				"south": {"uv": [1.5, 4, 2, 7.5], "texture": "#1"},
				"west": {"uv": [3.5, 4, 4, 7.5], "texture": "#1"},
				"up": {"uv": [10.5, 10, 10, 9.5], "texture": "#1"},
				"down": {"uv": [10.5, 10, 10, 10.5], "texture": "#1"}
			}
		},
		{
			"name": "enchanted_crossbow_12_outline",
			"from": [11.1, 11.1, 8.6],
			"to": [9.9, 9.9, 7.4],
			"rotation": {"angle": 0, "axis": "y", "origin": [0, 0, 7.5]},
			"faces": {
				"north": {"uv": [0, 10.5, 0.5, 11], "texture": "#1"},
				"east": {"uv": [10.5, 0, 11, 0.5], "texture": "#1"},
				"south": {"uv": [0.5, 10.5, 1, 11], "texture": "#1"},
				"west": {"uv": [10.5, 0.5, 11, 1], "texture": "#1"},
				"up": {"uv": [11, 1.5, 10.5, 1], "texture": "#1"},
				"down": {"uv": [2, 10.5, 1.5, 11], "texture": "#1"}
			}
		},
		{
			"name": "enchanted_crossbow_13_outline",
			"from": [3.1, 10.1, 8.6],
			"to": [1.9, 1.9, 7.4],
			"rotation": {"angle": 0, "axis": "y", "origin": [0, 0, 7.5]},
			"faces": {
				"north": {"uv": [3, 3, 3.5, 7], "texture": "#1"},
				"east": {"uv": [3.5, 0, 4, 4], "texture": "#1"},
				"south": {"uv": [0, 4, 0.5, 8], "texture": "#1"},
				"west": {"uv": [4, 0, 4.5, 4], "texture": "#1"},
				"up": {"uv": [11, 2, 10.5, 1.5], "texture": "#1"},
				"down": {"uv": [2.5, 10.5, 2, 11], "texture": "#1"}
			}
		},
		{
			"name": "enchanted_crossbow_14_outline",
			"from": [10.1, 10.1, 8.6],
			"to": [8.9, 2.9, 7.4],
			"rotation": {"angle": 0, "axis": "y", "origin": [0, 0, 7.5]},
			"faces": {
				"north": {"uv": [4, 4, 4.5, 7.5], "texture": "#1"},
				"east": {"uv": [4.5, 0, 5, 3.5], "texture": "#1"},
				"south": {"uv": [4.5, 3.5, 5, 7], "texture": "#1"},
				"west": {"uv": [5, 0, 5.5, 3.5], "texture": "#1"},
				"up": {"uv": [11, 2.5, 10.5, 2], "texture": "#1"},
				"down": {"uv": [3, 10.5, 2.5, 11], "texture": "#1"}
			}
		},
		{
			"name": "enchanted_crossbow_15_outline",
			"from": [11.1, 9.1, 8.6],
			"to": [9.9, 2.9, 7.4],
			"rotation": {"angle": 0, "axis": "y", "origin": [0, 0, 7.5]},
			"faces": {
				"north": {"uv": [6, 3, 6.5, 6], "texture": "#1"},
				"east": {"uv": [5.5, 6, 6, 9], "texture": "#1"},
				"south": {"uv": [6, 6, 6.5, 9], "texture": "#1"},
				"west": {"uv": [6.5, 0, 7, 3], "texture": "#1"},
				"up": {"uv": [11, 3, 10.5, 2.5], "texture": "#1"},
				"down": {"uv": [3.5, 10.5, 3, 11], "texture": "#1"}
			}
		},
		{
			"name": "enchanted_crossbow_16_outline",
			"from": [2.1, 8.1, 8.6],
			"to": [0.9, 1.9, 7.4],
			"rotation": {"angle": 0, "axis": "y", "origin": [0, 0, 7.5]},
			"faces": {
				"north": {"uv": [6.5, 3, 7, 6], "texture": "#1"},
				"east": {"uv": [5, 6.5, 5.5, 9.5], "texture": "#1"},
				"south": {"uv": [6.5, 6, 7, 9], "texture": "#1"},
				"west": {"uv": [7, 0, 7.5, 3], "texture": "#1"},
				"up": {"uv": [11, 3.5, 10.5, 3], "texture": "#1"},
				"down": {"uv": [4, 10.5, 3.5, 11], "texture": "#1"}
			}
		},
		{
			"name": "enchanted_crossbow_17_outline",
			"from": [12.1, 8.1, 8.6],
			"to": [10.9, 1.9, 7.4],
			"rotation": {"angle": 0, "axis": "y", "origin": [0, 0, 7.5]},
			"faces": {
				"north": {"uv": [2, 7, 2.5, 10], "texture": "#1"},
				"east": {"uv": [2.5, 7, 3, 10], "texture": "#1"},
				"south": {"uv": [3, 7, 3.5, 10], "texture": "#1"},
				"west": {"uv": [7, 3, 7.5, 6], "texture": "#1"},
				"up": {"uv": [11, 4, 10.5, 3.5], "texture": "#1"},
				"down": {"uv": [4.5, 10.5, 4, 11], "texture": "#1"}
			}
		},
		{
			"name": "enchanted_crossbow_18_outline",
			"from": [13.1, 7.1, 8.6],
			"to": [11.9, 0.9, 7.4],
			"rotation": {"angle": 0, "axis": "y", "origin": [0, 0, 7.5]},
			"faces": {
				"north": {"uv": [4.5, 7, 5, 10], "texture": "#1"},
				"east": {"uv": [7, 6, 7.5, 9], "texture": "#1"},
				"south": {"uv": [7.5, 0, 8, 3], "texture": "#1"},
				"west": {"uv": [0.5, 7.5, 1, 10.5], "texture": "#1"},
				"up": {"uv": [11, 4.5, 10.5, 4], "texture": "#1"},
				"down": {"uv": [5, 10.5, 4.5, 11], "texture": "#1"}
			}
		},
		{
			"name": "enchanted_crossbow_19_outline",
			"from": [6.1, 6.1, 8.6],
			"to": [4.9, 4.9, 7.4],
			"rotation": {"angle": 0, "axis": "y", "origin": [0, 0, 7.5]},
			"faces": {
				"north": {"uv": [10.5, 4.5, 11, 5], "texture": "#1"},
				"east": {"uv": [5, 10.5, 5.5, 11], "texture": "#1"},
				"south": {"uv": [10.5, 5, 11, 5.5], "texture": "#1"},
				"west": {"uv": [5.5, 10.5, 6, 11], "texture": "#1"},
				"up": {"uv": [11, 6, 10.5, 5.5], "texture": "#1"},
				"down": {"uv": [6.5, 10.5, 6, 11], "texture": "#1"}
			}
		},
		{
			"name": "enchanted_crossbow_20_outline",
			"from": [8.1, 6.1, 8.6],
			"to": [6.9, 4.9, 7.4],
			"rotation": {"angle": 0, "axis": "y", "origin": [0, 0, 7.5]},
			"faces": {
				"north": {"uv": [10.5, 6, 11, 6.5], "texture": "#1"},
				"east": {"uv": [6.5, 10.5, 7, 11], "texture": "#1"},
				"south": {"uv": [10.5, 6.5, 11, 7], "texture": "#1"},
				"west": {"uv": [7, 10.5, 7.5, 11], "texture": "#1"},
				"up": {"uv": [11, 7.5, 10.5, 7], "texture": "#1"},
				"down": {"uv": [8, 10.5, 7.5, 11], "texture": "#1"}
			}
		},
		{
			"name": "enchanted_crossbow_21_outline",
			"from": [5.1, 5.1, 8.6],
			"to": [3.9, 3.9, 7.4],
			"rotation": {"angle": 0, "axis": "y", "origin": [0, 0, 7.5]},
			"faces": {
				"north": {"uv": [10.5, 7.5, 11, 8], "texture": "#1"},
				"east": {"uv": [8, 10.5, 8.5, 11], "texture": "#1"},
				"south": {"uv": [10.5, 8, 11, 8.5], "texture": "#1"},
				"west": {"uv": [8.5, 10.5, 9, 11], "texture": "#1"},
				"up": {"uv": [11, 9, 10.5, 8.5], "texture": "#1"},
				"down": {"uv": [9.5, 10.5, 9, 11], "texture": "#1"}
			}
		},
		{
			"name": "enchanted_crossbow_22_outline",
			"from": [14.1, 5.1, 8.6],
			"to": [12.9, -0.1, 7.4],
			"rotation": {"angle": 0, "axis": "y", "origin": [0, 0, 7.5]},
			"faces": {
				"north": {"uv": [4, 7.5, 4.5, 10], "texture": "#1"},
				"east": {"uv": [7.5, 5.5, 8, 8], "texture": "#1"},
				"south": {"uv": [0, 8, 0.5, 10.5], "texture": "#1"},
				"west": {"uv": [8, 0, 8.5, 2.5], "texture": "#1"},
				"up": {"uv": [11, 9.5, 10.5, 9], "texture": "#1"},
				"down": {"uv": [10, 10.5, 9.5, 11], "texture": "#1"}
			}
		},
		{
			"name": "enchanted_crossbow_23_outline",
			"from": [1.1, 4.1, 8.6],
			"to": [-0.1, 2.9, 7.4],
			"rotation": {"angle": 0, "axis": "y", "origin": [0, 0, 7.5]},
			"faces": {
				"north": {"uv": [10.5, 9.5, 11, 10], "texture": "#1"},
				"east": {"uv": [10, 10.5, 10.5, 11], "texture": "#1"},
				"south": {"uv": [10.5, 10, 11, 10.5], "texture": "#1"},
				"west": {"uv": [10.5, 10.5, 11, 11], "texture": "#1"},
				"up": {"uv": [0.5, 11.5, 0, 11], "texture": "#1"},
				"down": {"uv": [11.5, 0, 11, 0.5], "texture": "#1"}
			}
		},
		{
			"name": "enchanted_crossbow_24_outline",
			"from": [4.1, 4.1, 8.6],
			"to": [2.9, 2.9, 7.4],
			"rotation": {"angle": 0, "axis": "y", "origin": [0, 0, 7.5]},
			"faces": {
				"north": {"uv": [0.5, 11, 1, 11.5], "texture": "#1"},
				"east": {"uv": [11, 0.5, 11.5, 1], "texture": "#1"},
				"south": {"uv": [1, 11, 1.5, 11.5], "texture": "#1"},
				"west": {"uv": [11, 1, 11.5, 1.5], "texture": "#1"},
				"up": {"uv": [2, 11.5, 1.5, 11], "texture": "#1"},
				"down": {"uv": [11.5, 1.5, 11, 2], "texture": "#1"}
			}
		},
		{
			"name": "enchanted_crossbow_25_outline",
			"from": [15.1, 4.1, 8.6],
			"to": [13.9, -0.1, 7.4],
			"rotation": {"angle": 0, "axis": "y", "origin": [0, 0, 7.5]},
			"faces": {
				"north": {"uv": [8, 8.5, 8.5, 10.5], "texture": "#1"},
				"east": {"uv": [8.5, 8, 9, 10], "texture": "#1"},
				"south": {"uv": [9, 0, 9.5, 2], "texture": "#1"},
				"west": {"uv": [9, 2, 9.5, 4], "texture": "#1"},
				"up": {"uv": [2.5, 11.5, 2, 11], "texture": "#1"},
				"down": {"uv": [11.5, 2, 11, 2.5], "texture": "#1"}
			}
		},
		{
			"name": "enchanted_crossbow_26_outline",
			"from": [16.1, 3.1, 8.6],
			"to": [14.9, 0.9, 7.4],
			"rotation": {"angle": 0, "axis": "y", "origin": [0, 0, 7.5]},
			"faces": {
				"north": {"uv": [9.5, 9, 10, 10], "texture": "#1"},
				"east": {"uv": [10, 0, 10.5, 1], "texture": "#1"},
				"south": {"uv": [1, 10, 1.5, 11], "texture": "#1"},
				"west": {"uv": [10, 1, 10.5, 2], "texture": "#1"},
				"up": {"uv": [3, 11.5, 2.5, 11], "texture": "#1"},
				"down": {"uv": [11.5, 2.5, 11, 3], "texture": "#1"}
			}
		}
	],
	"display": {
		"thirdperson_righthand": {
			"rotation": [89.35, 5.51, 135.91],
			"translation": [0, 0.5, -2],
			"scale": [0.85, 0.85, 0.85]
		},
		"thirdperson_lefthand": {
			"rotation": [89.35, 5.51, -135.91],
			"translation": [0, 0.5, -2],
			"scale": [0.85, 0.85, 0.85]
		},
		"firstperson_righthand": {
			"rotation": [-90.55, 0.3, -55.02],
			"translation": [1.13, 3.2, 1.13],
			"scale": [0.68, 0.68, 0.68]
		},
		"firstperson_lefthand": {
			"rotation": [90.55, -0.3, -124],
			"translation": [1.13, 3.2, 1.13],
			"scale": [0.68, 0.68, 0.68]
		},
		"ground": {
			"translation": [0, 2, 0],
			"scale": [0.5, 0.5, 0.5]
		},
		"head": {
			"rotation": [0, 180, 0],
			"translation": [0, 13, 7]
		},
		"fixed": {
			"rotation": [0, 180, 0]
		}
	},
	"groups": [
		{
			"name": "enchanted_crossbow",
			"origin": [8, 8, 8],
			"color": 0,
			"children": [0, 1, 2, 3, 4, 5, 6, 7, 8, 9, 10, 11, 12, 13, 14, 15, 16, 17, 18, 19, 20, 21, 22, 23, 24, 25, 26]
		},
		27,
		28,
		29,
		30,
		31,
		32,
		33,
		34,
		35,
		36,
		37,
		38,
		39,
		40,
		41,
		42,
		43,
		44,
		45,
		46,
		47,
		48,
		49,
		50,
		51,
		52,
		53
	]
}