{
	"credit": "Made with Blockbench",
	"texture_size": [64, 64],
	"textures": {
		"1": "item/enchanted_mace"
	},
	"elements": [
		{
			"from": [12.1, 11.9, 3.9],
			"to": [3.9, 20.1, 12.1],
			"light_emission": 15,
			"rotation": {"angle": 0, "axis": "y", "origin": [12.2, 12, 4]},
			"faces": {
				"north": {"uv": [15.75, 15.75, 16, 16], "texture": "#1"},
				"east": {"uv": [15.75, 15.75, 16, 16], "texture": "#1"},
				"south": {"uv": [15.75, 15.75, 16, 16], "texture": "#1"},
				"west": {"uv": [15.75, 15.75, 16, 16], "texture": "#1"},
				"up": {"uv": [16, 16, 15.75, 15.75], "texture": "#1"},
				"down": {"uv": [16, 15.75, 15.75, 16], "texture": "#1"}
			}
		},
		{
			"from": [9.6, -1.1, 6.4],
			"to": [6.4, 2.1, 9.6],
			"light_emission": 15,
			"rotation": {"angle": 0, "axis": "y", "origin": [12.7, -4, 4]},
			"faces": {
				"north": {"uv": [15.75, 15.75, 16, 16], "texture": "#1"},
				"east": {"uv": [15.75, 15.75, 16, 16], "texture": "#1"},
				"south": {"uv": [15.75, 15.75, 16, 16], "texture": "#1"},
				"west": {"uv": [15.75, 15.75, 16, 16], "texture": "#1"},
				"up": {"uv": [16, 16, 15.75, 15.75], "texture": "#1"},
				"down": {"uv": [16, 15.75, 15.75, 16], "texture": "#1"}
			}
		},
		{
			"from": [9.1, 0.8, 6.9],
			"to": [6.9, 21.1, 9.1],
			"light_emission": 15,
			"rotation": {"angle": 0, "axis": "y", "origin": [11.4, 11.9, 4]},
			"faces": {
				"north": {"uv": [15.75, 15.75, 16, 16], "texture": "#1"},
				"east": {"uv": [15.75, 15.75, 16, 16], "texture": "#1"},
				"south": {"uv": [15.75, 15.75, 16, 16], "texture": "#1"},
				"west": {"uv": [15.75, 15.75, 16, 16], "texture": "#1"},
				"up": {"uv": [16, 16, 15.75, 15.75], "texture": "#1"},
				"down": {"uv": [16, 15.75, 15.75, 16], "texture": "#1"}
			}
		},
		{
			"from": [4, 12, 4],
			"to": [12, 20, 12],
			"light_emission": 10,
			"rotation": {"angle": 0, "axis": "y", "origin": [4, 12, 4]},
			"faces": {
				"north": {"uv": [0, 2, 2, 4], "texture": "#1"},
				"east": {"uv": [0, 2, 2, 4], "texture": "#1"},
				"south": {"uv": [0, 2, 2, 4], "texture": "#1"},
				"west": {"uv": [0, 2, 2, 4], "texture": "#1"},
				"up": {"uv": [4, 2, 2, 0], "texture": "#1"},
				"down": {"uv": [6, 0, 4, 2], "texture": "#1"}
			}
		},
		{
			"from": [6.5, -1, 6.5],
			"to": [9.5, 2, 9.5],
			"light_emission": 10,
			"rotation": {"angle": 0, "axis": "y", "origin": [7, 4, 7]},
			"faces": {
				"north": {"uv": [2.75, 4.75, 3.5, 5.5], "texture": "#1"},
				"east": {"uv": [2, 4.75, 2.75, 5.5], "texture": "#1"},
				"south": {"uv": [4.25, 4.75, 5, 5.5], "texture": "#1"},
				"west": {"uv": [3.5, 4.75, 4.25, 5.5], "texture": "#1"},
				"up": {"uv": [3.5, 4.75, 2.75, 4], "texture": "#1"},
				"down": {"uv": [4.25, 4, 3.5, 4.75], "texture": "#1"}
			}
		},
		{
			"from": [7, 1, 7],
			"to": [9, 21, 9],
			"light_emission": 10,
			"rotation": {"angle": 0, "axis": "y", "origin": [7, 5, 7]},
			"faces": {
				"north": {"uv": [0.5, 4.5, 1, 9.5], "texture": "#1"},
				"east": {"uv": [0, 4.5, 0.5, 9.5], "texture": "#1"},
				"south": {"uv": [1.5, 4.5, 2, 9.5], "texture": "#1"},
				"west": {"uv": [1, 4.5, 1.5, 9.5], "texture": "#1"},
				"up": {"uv": [1, 4.5, 0.5, 4], "texture": "#1"},
				"down": {"uv": [1.5, 4, 1, 4.5], "texture": "#1"}
			}
		}
	],
	"display": {
		"thirdperson_righthand": {
			"translation": [0, 0.25, 1.75],
			"scale": [0.76172, 0.76172, 0.76172]
		},
		"thirdperson_lefthand": {
			"translation": [0, 0.25, 1.75],
			"scale": [0.76172, 0.76172, 0.76172]
		},
		"firstperson_righthand": {
			"rotation": [3.53, 12.65, -2.85],
			"scale": [0.61719, 0.61719, 0.61719]
		},
		"firstperson_lefthand": {
			"rotation": [3.53, 12.65, -2.85],
			"scale": [0.61719, 0.61719, 0.61719]
		},
		"ground": {
			"translation": [0, 3, 0],
			"scale": [0.4, 0.4, 0.4]
		},
		"gui": {
			"rotation": [0, 0, -45],
			"translation": [-1.5, -1.5, 0],
			"scale": [0.7793, 0.7793, 0.7793]
		},
		"head": {
			"translation": [0, 15.5, 0]
		},
		"fixed": {
			"rotation": [0, 180, 0]
		}
	},
	"groups": [
		{
			"name": "group",
			"origin": [12.2, 12, 4],
			"color": 0,
			"children": [0, 1, 2]
		},
		3,
		4,
		5
	]
}