{
	"credit": "Made with Blockbench",
	"texture_size": [32, 32],
	"textures": {
		"1": "item/enchanted_flint_steel",
		"2": "item/flint_steel_outline",
		"particle": "item/enchanted_flint_steel"
	},
	"elements": [
		{
			"name": "enchanted_flint_steel_0",
			"from": [4, 12, 7.5],
			"to": [6, 15, 8.5],
			"rotation": {"angle": 0, "axis": "y", "origin": [0, 0, 7.5]},
			"faces": {
				"north": {"uv": [6, 1, 4, 4], "texture": "#1"},
				"east": {"uv": [5, 1, 6, 4], "texture": "#1"},
				"south": {"uv": [4, 1, 6, 4], "texture": "#1"},
				"west": {"uv": [4, 1, 5, 4], "texture": "#1"},
				"up": {"uv": [4, 1, 6, 2], "texture": "#1"},
				"down": {"uv": [4, 3, 6, 4], "texture": "#1"}
			}
		},
		{
			"name": "enchanted_flint_steel_1",
			"from": [3, 6, 7.5],
			"to": [4, 14, 8.5],
			"rotation": {"angle": 0, "axis": "y", "origin": [0, 0, 7.5]},
			"faces": {
				"north": {"uv": [4, 2, 3, 10], "texture": "#1"},
				"east": {"uv": [3, 2, 4, 10], "texture": "#1"},
				"south": {"uv": [3, 2, 4, 10], "texture": "#1"},
				"west": {"uv": [3, 2, 4, 10], "texture": "#1"},
				"up": {"uv": [3, 2, 4, 3], "texture": "#1"},
				"down": {"uv": [3, 9, 4, 10], "texture": "#1"}
			}
		},
		{
			"name": "enchanted_flint_steel_2",
			"from": [6, 11, 7.5],
			"to": [7, 14, 8.5],
			"rotation": {"angle": 0, "axis": "y", "origin": [0, 0, 7.5]},
			"faces": {
				"north": {"uv": [7, 2, 6, 5], "texture": "#1"},
				"east": {"uv": [6, 2, 7, 5], "texture": "#1"},
				"south": {"uv": [6, 2, 7, 5], "texture": "#1"},
				"west": {"uv": [6, 2, 7, 5], "texture": "#1"},
				"up": {"uv": [6, 2, 7, 3], "texture": "#1"},
				"down": {"uv": [6, 4, 7, 5], "texture": "#1"}
			}
		},
		{
			"name": "enchanted_flint_steel_3",
			"from": [2, 7, 7.5],
			"to": [3, 13, 8.5],
			"rotation": {"angle": 0, "axis": "y", "origin": [0, 0, 7.5]},
			"faces": {
				"north": {"uv": [3, 3, 2, 9], "texture": "#1"},
				"east": {"uv": [2, 3, 3, 9], "texture": "#1"},
				"south": {"uv": [2, 3, 3, 9], "texture": "#1"},
				"west": {"uv": [2, 3, 3, 9], "texture": "#1"},
				"up": {"uv": [2, 3, 3, 4], "texture": "#1"},
				"down": {"uv": [2, 8, 3, 9], "texture": "#1"}
			}
		},
		{
			"name": "enchanted_flint_steel_4",
			"from": [7, 11, 7.5],
			"to": [8, 13, 8.5],
			"rotation": {"angle": 0, "axis": "y", "origin": [0, 0, 7.5]},
			"faces": {
				"north": {"uv": [8, 3, 7, 5], "texture": "#1"},
				"east": {"uv": [7, 3, 8, 5], "texture": "#1"},
				"south": {"uv": [7, 3, 8, 5], "texture": "#1"},
				"west": {"uv": [7, 3, 8, 5], "texture": "#1"},
				"up": {"uv": [7, 3, 8, 4], "texture": "#1"},
				"down": {"uv": [7, 4, 8, 5], "texture": "#1"}
			}
		},
		{
			"name": "enchanted_flint_steel_5",
			"from": [4, 5, 7.5],
			"to": [5, 12, 8.5],
			"rotation": {"angle": 0, "axis": "y", "origin": [0, 0, 7.5]},
			"faces": {
				"north": {"uv": [5, 4, 4, 11], "texture": "#1"},
				"east": {"uv": [4, 4, 5, 11], "texture": "#1"},
				"south": {"uv": [4, 4, 5, 11], "texture": "#1"},
				"west": {"uv": [4, 4, 5, 11], "texture": "#1"},
				"up": {"uv": [4, 4, 5, 5], "texture": "#1"},
				"down": {"uv": [4, 10, 5, 11], "texture": "#1"}
			}
		},
		{
			"name": "enchanted_flint_steel_6",
			"from": [6, 7, 7.5],
			"to": [8, 9, 8.5],
			"rotation": {"angle": 0, "axis": "y", "origin": [0, 0, 7.5]},
			"faces": {
				"north": {"uv": [8, 7, 6, 9], "texture": "#1"},
				"east": {"uv": [7, 7, 8, 9], "texture": "#1"},
				"south": {"uv": [6, 7, 8, 9], "texture": "#1"},
				"west": {"uv": [6, 7, 7, 9], "texture": "#1"},
				"up": {"uv": [6, 7, 8, 8], "texture": "#1"},
				"down": {"uv": [6, 8, 8, 9], "texture": "#1"}
			}
		},
		{
			"name": "enchanted_flint_steel_7",
			"from": [11, 1, 7.5],
			"to": [12, 9, 8.5],
			"rotation": {"angle": 0, "axis": "y", "origin": [0, 0, 7.5]},
			"faces": {
				"north": {"uv": [12, 7, 11, 15], "texture": "#1"},
				"east": {"uv": [11, 7, 12, 15], "texture": "#1"},
				"south": {"uv": [11, 7, 12, 15], "texture": "#1"},
				"west": {"uv": [11, 7, 12, 15], "texture": "#1"},
				"up": {"uv": [11, 7, 12, 8], "texture": "#1"},
				"down": {"uv": [11, 14, 12, 15], "texture": "#1"}
			}
		},
		{
			"name": "enchanted_flint_steel_8",
			"from": [5, 5, 7.5],
			"to": [6, 8, 8.5],
			"rotation": {"angle": 0, "axis": "y", "origin": [0, 0, 7.5]},
			"faces": {
				"north": {"uv": [6, 8, 5, 11], "texture": "#1"},
				"east": {"uv": [5, 8, 6, 11], "texture": "#1"},
				"south": {"uv": [5, 8, 6, 11], "texture": "#1"},
				"west": {"uv": [5, 8, 6, 11], "texture": "#1"},
				"up": {"uv": [5, 8, 6, 9], "texture": "#1"},
				"down": {"uv": [5, 10, 6, 11], "texture": "#1"}
			}
		},
		{
			"name": "enchanted_flint_steel_9",
			"from": [10, 0, 7.5],
			"to": [11, 8, 8.5],
			"rotation": {"angle": 0, "axis": "y", "origin": [0, 0, 7.5]},
			"faces": {
				"north": {"uv": [11, 8, 10, 16], "texture": "#1"},
				"east": {"uv": [10, 8, 11, 16], "texture": "#1"},
				"south": {"uv": [10, 8, 11, 16], "texture": "#1"},
				"west": {"uv": [10, 8, 11, 16], "texture": "#1"},
				"up": {"uv": [10, 8, 11, 9], "texture": "#1"},
				"down": {"uv": [10, 15, 11, 16], "texture": "#1"}
			}
		},
		{
			"name": "enchanted_flint_steel_10",
			"from": [12, 1, 7.5],
			"to": [13, 8, 8.5],
			"rotation": {"angle": 0, "axis": "y", "origin": [0, 0, 7.5]},
			"faces": {
				"north": {"uv": [13, 8, 12, 15], "texture": "#1"},
				"east": {"uv": [12, 8, 13, 15], "texture": "#1"},
				"south": {"uv": [12, 8, 13, 15], "texture": "#1"},
				"west": {"uv": [12, 8, 13, 15], "texture": "#1"},
				"up": {"uv": [12, 8, 13, 9], "texture": "#1"},
				"down": {"uv": [12, 14, 13, 15], "texture": "#1"}
			}
		},
		{
			"name": "enchanted_flint_steel_11",
			"from": [6, 6, 7.5],
			"to": [7, 7, 8.5],
			"rotation": {"angle": 0, "axis": "y", "origin": [0, 0, 7.5]},
			"faces": {
				"north": {"uv": [7, 9, 6, 10], "texture": "#1"},
				"east": {"uv": [6, 9, 7, 10], "texture": "#1"},
				"south": {"uv": [6, 9, 7, 10], "texture": "#1"},
				"west": {"uv": [6, 9, 7, 10], "texture": "#1"},
				"up": {"uv": [6, 9, 7, 10], "texture": "#1"},
				"down": {"uv": [6, 9, 7, 10], "texture": "#1"}
			}
		},
		{
			"name": "enchanted_flint_steel_12",
			"from": [9, 0, 7.5],
			"to": [10, 7, 8.5],
			"rotation": {"angle": 0, "axis": "y", "origin": [0, 0, 7.5]},
			"faces": {
				"north": {"uv": [10, 9, 9, 16], "texture": "#1"},
				"east": {"uv": [9, 9, 10, 16], "texture": "#1"},
				"south": {"uv": [9, 9, 10, 16], "texture": "#1"},
				"west": {"uv": [9, 9, 10, 16], "texture": "#1"},
				"up": {"uv": [9, 9, 10, 10], "texture": "#1"},
				"down": {"uv": [9, 15, 10, 16], "texture": "#1"}
			}
		},
		{
			"name": "enchanted_flint_steel_13",
			"from": [8, 1, 7.5],
			"to": [9, 6, 8.5],
			"rotation": {"angle": 0, "axis": "y", "origin": [0, 0, 7.5]},
			"faces": {
				"north": {"uv": [9, 10, 8, 15], "texture": "#1"},
				"east": {"uv": [8, 10, 9, 15], "texture": "#1"},
				"south": {"uv": [8, 10, 9, 15], "texture": "#1"},
				"west": {"uv": [8, 10, 9, 15], "texture": "#1"},
				"up": {"uv": [8, 10, 9, 11], "texture": "#1"},
				"down": {"uv": [8, 14, 9, 15], "texture": "#1"}
			}
		},
		{
			"name": "enchanted_flint_steel_14",
			"from": [13, 1, 7.5],
			"to": [14, 6, 8.5],
			"rotation": {"angle": 0, "axis": "y", "origin": [0, 0, 7.5]},
			"faces": {
				"north": {"uv": [14, 10, 13, 15], "texture": "#1"},
				"east": {"uv": [13, 10, 14, 15], "texture": "#1"},
				"south": {"uv": [13, 10, 14, 15], "texture": "#1"},
				"west": {"uv": [13, 10, 14, 15], "texture": "#1"},
				"up": {"uv": [13, 10, 14, 11], "texture": "#1"},
				"down": {"uv": [13, 14, 14, 15], "texture": "#1"}
			}
		},
		{
			"name": "enchanted_flint_steel_15",
			"from": [7, 2, 7.5],
			"to": [8, 5, 8.5],
			"rotation": {"angle": 0, "axis": "y", "origin": [0, 0, 7.5]},
			"faces": {
				"north": {"uv": [8, 11, 7, 14], "texture": "#1"},
				"east": {"uv": [7, 11, 8, 14], "texture": "#1"},
				"south": {"uv": [7, 11, 8, 14], "texture": "#1"},
				"west": {"uv": [7, 11, 8, 14], "texture": "#1"},
				"up": {"uv": [7, 11, 8, 12], "texture": "#1"},
				"down": {"uv": [7, 13, 8, 14], "texture": "#1"}
			}
		},
		{
			"name": "enchanted_flint_steel_16",
			"from": [14, 2, 7.5],
			"to": [15, 4, 8.5],
			"rotation": {"angle": 0, "axis": "y", "origin": [0, 0, 7.5]},
			"faces": {
				"north": {"uv": [15, 12, 14, 14], "texture": "#1"},
				"east": {"uv": [14, 12, 15, 14], "texture": "#1"},
				"south": {"uv": [14, 12, 15, 14], "texture": "#1"},
				"west": {"uv": [14, 12, 15, 14], "texture": "#1"},
				"up": {"uv": [14, 12, 15, 13], "texture": "#1"},
				"down": {"uv": [14, 13, 15, 14], "texture": "#1"}
			}
		},
		{
			"name": "enchanted_flint_steel_0_outline",
			"from": [6.1, 15.1, 8.6],
			"to": [3.9, 11.9, 7.4],
			"rotation": {"angle": 0, "axis": "y", "origin": [0, 0, 7.5]},
			"faces": {
				"north": {"uv": [6, 0, 7, 1.5], "texture": "#2"},
				"east": {"uv": [3, 7.5, 3.5, 9], "texture": "#2"},
				"south": {"uv": [6, 1.5, 7, 3], "texture": "#2"},
				"west": {"uv": [3.5, 7.5, 4, 9], "texture": "#2"},
				"up": {"uv": [9, 2, 8, 1.5], "texture": "#2"},
				"down": {"uv": [9, 2, 8, 2.5], "texture": "#2"}
			}
		},
		{
			"name": "enchanted_flint_steel_1_outline",
			"from": [4.1, 14.1, 8.6],
			"to": [2.9, 5.9, 7.4],
			"rotation": {"angle": 0, "axis": "y", "origin": [0, 0, 7.5]},
			"faces": {
				"north": {"uv": [0, 0, 0.5, 4], "texture": "#2"},
				"east": {"uv": [0.5, 0, 1, 4], "texture": "#2"},
				"south": {"uv": [1, 0, 1.5, 4], "texture": "#2"},
				"west": {"uv": [1.5, 0, 2, 4], "texture": "#2"},
				"up": {"uv": [9, 8.5, 8.5, 8], "texture": "#2"},
				"down": {"uv": [9, 8.5, 8.5, 9], "texture": "#2"}
			}
		},
		{
			"name": "enchanted_flint_steel_2_outline",
			"from": [7.1, 14.1, 8.6],
			"to": [5.9, 10.9, 7.4],
			"rotation": {"angle": 0, "axis": "y", "origin": [0, 0, 7.5]},
			"faces": {
				"north": {"uv": [7.5, 3.5, 8, 5], "texture": "#2"},
				"east": {"uv": [4, 7.5, 4.5, 9], "texture": "#2"},
				"south": {"uv": [7.5, 5, 8, 6.5], "texture": "#2"},
				"west": {"uv": [7.5, 6.5, 8, 8], "texture": "#2"},
				"up": {"uv": [9.5, 0.5, 9, 0], "texture": "#2"},
				"down": {"uv": [9.5, 0.5, 9, 1], "texture": "#2"}
			}
		},
		{
			"name": "enchanted_flint_steel_3_outline",
			"from": [3.1, 13.1, 8.6],
			"to": [1.9, 6.9, 7.4],
			"rotation": {"angle": 0, "axis": "y", "origin": [0, 0, 7.5]},
			"faces": {
				"north": {"uv": [6, 3, 6.5, 6], "texture": "#2"},
				"east": {"uv": [6, 6, 6.5, 9], "texture": "#2"},
				"south": {"uv": [6.5, 3, 7, 6], "texture": "#2"},
				"west": {"uv": [6.5, 6, 7, 9], "texture": "#2"},
				"up": {"uv": [9.5, 2, 9, 1.5], "texture": "#2"},
				"down": {"uv": [9.5, 2, 9, 2.5], "texture": "#2"}
			}
		},
		{
			"name": "enchanted_flint_steel_4_outline",
			"from": [8.1, 13.1, 8.6],
			"to": [6.9, 10.9, 7.4],
			"rotation": {"angle": 0, "axis": "y", "origin": [0, 0, 7.5]},
			"faces": {
				"north": {"uv": [7.5, 8, 8, 9], "texture": "#2"},
				"east": {"uv": [8, 8, 8.5, 9], "texture": "#2"},
				"south": {"uv": [8.5, 0, 9, 1], "texture": "#2"},
				"west": {"uv": [2, 8.5, 2.5, 9.5], "texture": "#2"},
				"up": {"uv": [9.5, 3, 9, 2.5], "texture": "#2"},
				"down": {"uv": [3.5, 9, 3, 9.5], "texture": "#2"}
			}
		},
		{
			"name": "enchanted_flint_steel_5_outline",
			"from": [5.1, 12.1, 8.6],
			"to": [3.9, 4.9, 7.4],
			"rotation": {"angle": 0, "axis": "y", "origin": [0, 0, 7.5]},
			"faces": {
				"north": {"uv": [1.5, 4, 2, 7.5], "texture": "#2"},
				"east": {"uv": [2, 4, 2.5, 7.5], "texture": "#2"},
				"south": {"uv": [2.5, 4, 3, 7.5], "texture": "#2"},
				"west": {"uv": [3, 4, 3.5, 7.5], "texture": "#2"},
				"up": {"uv": [9.5, 3.5, 9, 3], "texture": "#2"},
				"down": {"uv": [4, 9, 3.5, 9.5], "texture": "#2"}
			}
		},
		{
			"name": "enchanted_flint_steel_6_outline",
			"from": [8.1, 9.1, 8.6],
			"to": [5.9, 6.9, 7.4],
			"rotation": {"angle": 0, "axis": "y", "origin": [0, 0, 7.5]},
			"faces": {
				"north": {"uv": [2, 7.5, 3, 8.5], "texture": "#2"},
				"east": {"uv": [2.5, 8.5, 3, 9.5], "texture": "#2"},
				"south": {"uv": [7.5, 2.5, 8.5, 3.5], "texture": "#2"},
				"west": {"uv": [8.5, 2.5, 9, 3.5], "texture": "#2"},
				"up": {"uv": [9.5, 1.5, 8.5, 1], "texture": "#2"},
				"down": {"uv": [9.5, 3.5, 8.5, 4], "texture": "#2"}
			}
		},
		{
			"name": "enchanted_flint_steel_7_outline",
			"from": [12.1, 9.1, 8.6],
			"to": [10.9, 0.9, 7.4],
			"rotation": {"angle": 0, "axis": "y", "origin": [0, 0, 7.5]},
			"faces": {
				"north": {"uv": [2, 0, 2.5, 4], "texture": "#2"},
				"east": {"uv": [2.5, 0, 3, 4], "texture": "#2"},
				"south": {"uv": [3, 0, 3.5, 4], "texture": "#2"},
				"west": {"uv": [3.5, 0, 4, 4], "texture": "#2"},
				"up": {"uv": [4.5, 9.5, 4, 9], "texture": "#2"},
				"down": {"uv": [9.5, 4, 9, 4.5], "texture": "#2"}
			}
		},
		{
			"name": "enchanted_flint_steel_8_outline",
			"from": [6.1, 8.1, 8.6],
			"to": [4.9, 4.9, 7.4],
			"rotation": {"angle": 0, "axis": "y", "origin": [0, 0, 7.5]},
			"faces": {
				"north": {"uv": [7, 7.5, 7.5, 9], "texture": "#2"},
				"east": {"uv": [0, 8, 0.5, 9.5], "texture": "#2"},
				"south": {"uv": [8, 0, 8.5, 1.5], "texture": "#2"},
				"west": {"uv": [0.5, 8, 1, 9.5], "texture": "#2"},
				"up": {"uv": [9.5, 5, 9, 4.5], "texture": "#2"},
				"down": {"uv": [9.5, 5, 9, 5.5], "texture": "#2"}
			}
		},
		{
			"name": "enchanted_flint_steel_9_outline",
			"from": [11.1, 8.1, 8.6],
			"to": [9.9, -0.1, 7.4],
			"rotation": {"angle": 0, "axis": "y", "origin": [0, 0, 7.5]},
			"faces": {
				"north": {"uv": [0, 4, 0.5, 8], "texture": "#2"},
				"east": {"uv": [4, 0, 4.5, 4], "texture": "#2"},
				"south": {"uv": [0.5, 4, 1, 8], "texture": "#2"},
				"west": {"uv": [1, 4, 1.5, 8], "texture": "#2"},
				"up": {"uv": [9.5, 6, 9, 5.5], "texture": "#2"},
				"down": {"uv": [6.5, 9, 6, 9.5], "texture": "#2"}
			}
		},
		{
			"name": "enchanted_flint_steel_10_outline",
			"from": [13.1, 8.1, 8.6],
			"to": [11.9, 0.9, 7.4],
			"rotation": {"angle": 0, "axis": "y", "origin": [0, 0, 7.5]},
			"faces": {
				"north": {"uv": [3.5, 4, 4, 7.5], "texture": "#2"},
				"east": {"uv": [4, 4, 4.5, 7.5], "texture": "#2"},
				"south": {"uv": [4.5, 0, 5, 3.5], "texture": "#2"},
				"west": {"uv": [4.5, 3.5, 5, 7], "texture": "#2"},
				"up": {"uv": [9.5, 6.5, 9, 6], "texture": "#2"},
				"down": {"uv": [7, 9, 6.5, 9.5], "texture": "#2"}
			}
		},
		{
			"name": "enchanted_flint_steel_11_outline",
			"from": [7.1, 7.1, 8.6],
			"to": [5.9, 5.9, 7.4],
			"rotation": {"angle": 0, "axis": "y", "origin": [0, 0, 7.5]},
			"faces": {
				"north": {"uv": [9, 6.5, 9.5, 7], "texture": "#2"},
				"east": {"uv": [7, 9, 7.5, 9.5], "texture": "#2"},
				"south": {"uv": [9, 7, 9.5, 7.5], "texture": "#2"},
				"west": {"uv": [7.5, 9, 8, 9.5], "texture": "#2"},
				"up": {"uv": [9.5, 8, 9, 7.5], "texture": "#2"},
				"down": {"uv": [8.5, 9, 8, 9.5], "texture": "#2"}
			}
		},
		{
			"name": "enchanted_flint_steel_12_outline",
			"from": [10.1, 7.1, 8.6],
			"to": [8.9, -0.1, 7.4],
			"rotation": {"angle": 0, "axis": "y", "origin": [0, 0, 7.5]},
			"faces": {
				"north": {"uv": [5, 0, 5.5, 3.5], "texture": "#2"},
				"east": {"uv": [5, 3.5, 5.5, 7], "texture": "#2"},
				"south": {"uv": [5.5, 0, 6, 3.5], "texture": "#2"},
				"west": {"uv": [5.5, 3.5, 6, 7], "texture": "#2"},
				"up": {"uv": [9.5, 8.5, 9, 8], "texture": "#2"},
				"down": {"uv": [9, 9, 8.5, 9.5], "texture": "#2"}
			}
		},
		{
			"name": "enchanted_flint_steel_13_outline",
			"from": [9.1, 6.1, 8.6],
			"to": [7.9, 0.9, 7.4],
			"rotation": {"angle": 0, "axis": "y", "origin": [0, 0, 7.5]},
			"faces": {
				"north": {"uv": [7, 0, 7.5, 2.5], "texture": "#2"},
				"east": {"uv": [7, 2.5, 7.5, 5], "texture": "#2"},
				"south": {"uv": [4.5, 7, 5, 9.5], "texture": "#2"},
				"west": {"uv": [5, 7, 5.5, 9.5], "texture": "#2"},
				"up": {"uv": [9.5, 9, 9, 8.5], "texture": "#2"},
				"down": {"uv": [9.5, 9, 9, 9.5], "texture": "#2"}
			}
		},
		{
			"name": "enchanted_flint_steel_14_outline",
			"from": [14.1, 6.1, 8.6],
			"to": [12.9, 0.9, 7.4],
			"rotation": {"angle": 0, "axis": "y", "origin": [0, 0, 7.5]},
			"faces": {
				"north": {"uv": [7, 5, 7.5, 7.5], "texture": "#2"},
				"east": {"uv": [5.5, 7, 6, 9.5], "texture": "#2"},
				"south": {"uv": [7.5, 0, 8, 2.5], "texture": "#2"},
				"west": {"uv": [1.5, 7.5, 2, 10], "texture": "#2"},
				"up": {"uv": [0.5, 10, 0, 9.5], "texture": "#2"},
				"down": {"uv": [10, 0, 9.5, 0.5], "texture": "#2"}
			}
		},
		{
			"name": "enchanted_flint_steel_15_outline",
			"from": [8.1, 5.1, 8.6],
			"to": [6.9, 1.9, 7.4],
			"rotation": {"angle": 0, "axis": "y", "origin": [0, 0, 7.5]},
			"faces": {
				"north": {"uv": [1, 8, 1.5, 9.5], "texture": "#2"},
				"east": {"uv": [8, 3.5, 8.5, 5], "texture": "#2"},
				"south": {"uv": [8, 5, 8.5, 6.5], "texture": "#2"},
				"west": {"uv": [8, 6.5, 8.5, 8], "texture": "#2"},
				"up": {"uv": [1, 10, 0.5, 9.5], "texture": "#2"},
				"down": {"uv": [10, 0.5, 9.5, 1], "texture": "#2"}
			}
		},
		{
			"name": "enchanted_flint_steel_16_outline",
			"from": [15.1, 4.1, 8.6],
			"to": [13.9, 1.9, 7.4],
			"rotation": {"angle": 0, "axis": "y", "origin": [0, 0, 7.5]},
			"faces": {
				"north": {"uv": [8.5, 4, 9, 5], "texture": "#2"},
				"east": {"uv": [8.5, 5, 9, 6], "texture": "#2"},
				"south": {"uv": [8.5, 6, 9, 7], "texture": "#2"},
				"west": {"uv": [8.5, 7, 9, 8], "texture": "#2"},
				"up": {"uv": [1.5, 10, 1, 9.5], "texture": "#2"},
				"down": {"uv": [10, 1, 9.5, 1.5], "texture": "#2"}
			}
		}
	],
	"display": {
		"thirdperson_righthand": {
			"translation": [0, 3, 1],
			"scale": [0.55, 0.55, 0.55]
		},
		"thirdperson_lefthand": {
			"translation": [0, 3, 1],
			"scale": [0.55, 0.55, 0.55]
		},
		"firstperson_righthand": {
			"rotation": [0, -90, 25],
			"translation": [1.13, 3.2, 1.13],
			"scale": [0.68, 0.68, 0.68]
		},
		"firstperson_lefthand": {
			"rotation": [0, -90, 25],
			"translation": [1.13, 3.2, 1.13],
			"scale": [0.68, 0.68, 0.68]
		},
		"ground": {
			"translation": [0, 2, 0],
			"scale": [0.5, 0.5, 0.5]
		},
		"head": {
			"rotation": [0, 180, 0],
			"translation": [0, 13, 7]
		},
		"fixed": {
			"rotation": [0, 180, 0]
		}
	},
	"groups": [
		{
			"name": "enchanted_flint_steel",
			"origin": [8, 8, 8],
			"color": 0,
			"children": [0, 1, 2, 3, 4, 5, 6, 7, 8, 9, 10, 11, 12, 13, 14, 15, 16]
		},
		17,
		18,
		19,
		20,
		21,
		22,
		23,
		24,
		25,
		26,
		27,
		28,
		29,
		30,
		31,
		32,
		33
	]
}