{
	"credit": "Made with Blockbench",
	"texture_size": [32, 32],
	"textures": {
		"0": "item/enchanted_brush",
		"1": "item/brush_outline",
		"particle": "item/enchanted_brush"
	},
	"elements": [
		{
			"name": "enchanted_brush_0",
			"from": [9, 7, 7.5],
			"to": [12, 15, 8.5],
			"rotation": {"angle": 0, "axis": "y", "origin": [0, 0, 7.5]},
			"faces": {
				"north": {"uv": [12, 1, 9, 9], "texture": "#0"},
				"east": {"uv": [11, 1, 12, 9], "texture": "#0"},
				"south": {"uv": [9, 1, 12, 9], "texture": "#0"},
				"west": {"uv": [9, 1, 10, 9], "texture": "#0"},
				"up": {"uv": [9, 1, 12, 2], "texture": "#0"},
				"down": {"uv": [9, 8, 12, 9], "texture": "#0"}
			}
		},
		{
			"name": "enchanted_brush_1",
			"from": [8, 5, 7.5],
			"to": [9, 14, 8.5],
			"rotation": {"angle": 0, "axis": "y", "origin": [0, 0, 7.5]},
			"faces": {
				"north": {"uv": [9, 2, 8, 11], "texture": "#0"},
				"east": {"uv": [8, 2, 9, 11], "texture": "#0"},
				"south": {"uv": [8, 2, 9, 11], "texture": "#0"},
				"west": {"uv": [8, 2, 9, 11], "texture": "#0"},
				"up": {"uv": [8, 2, 9, 3], "texture": "#0"},
				"down": {"uv": [8, 10, 9, 11], "texture": "#0"}
			}
		},
		{
			"name": "enchanted_brush_2",
			"from": [12, 12, 7.5],
			"to": [15, 14, 8.5],
			"rotation": {"angle": 0, "axis": "y", "origin": [0, 0, 7.5]},
			"faces": {
				"north": {"uv": [15, 2, 12, 4], "texture": "#0"},
				"east": {"uv": [14, 2, 15, 4], "texture": "#0"},
				"south": {"uv": [12, 2, 15, 4], "texture": "#0"},
				"west": {"uv": [12, 2, 13, 4], "texture": "#0"},
				"up": {"uv": [12, 2, 15, 3], "texture": "#0"},
				"down": {"uv": [12, 3, 15, 4], "texture": "#0"}
			}
		},
		{
			"name": "enchanted_brush_3",
			"from": [7, 5, 7.5],
			"to": [8, 13, 8.5],
			"rotation": {"angle": 0, "axis": "y", "origin": [0, 0, 7.5]},
			"faces": {
				"north": {"uv": [8, 3, 7, 11], "texture": "#0"},
				"east": {"uv": [7, 3, 8, 11], "texture": "#0"},
				"south": {"uv": [7, 3, 8, 11], "texture": "#0"},
				"west": {"uv": [7, 3, 8, 11], "texture": "#0"},
				"up": {"uv": [7, 3, 8, 4], "texture": "#0"},
				"down": {"uv": [7, 10, 8, 11], "texture": "#0"}
			}
		},
		{
			"name": "enchanted_brush_4",
			"from": [6, 4, 7.5],
			"to": [7, 12, 8.5],
			"rotation": {"angle": 0, "axis": "y", "origin": [0, 0, 7.5]},
			"faces": {
				"north": {"uv": [7, 4, 6, 12], "texture": "#0"},
				"east": {"uv": [6, 4, 7, 12], "texture": "#0"},
				"south": {"uv": [6, 4, 7, 12], "texture": "#0"},
				"west": {"uv": [6, 4, 7, 12], "texture": "#0"},
				"up": {"uv": [6, 4, 7, 5], "texture": "#0"},
				"down": {"uv": [6, 11, 7, 12], "texture": "#0"}
			}
		},
		{
			"name": "enchanted_brush_5",
			"from": [12, 8, 7.5],
			"to": [14, 12, 8.5],
			"rotation": {"angle": 0, "axis": "y", "origin": [0, 0, 7.5]},
			"faces": {
				"north": {"uv": [14, 4, 12, 8], "texture": "#0"},
				"east": {"uv": [13, 4, 14, 8], "texture": "#0"},
				"south": {"uv": [12, 4, 14, 8], "texture": "#0"},
				"west": {"uv": [12, 4, 13, 8], "texture": "#0"},
				"up": {"uv": [12, 4, 14, 5], "texture": "#0"},
				"down": {"uv": [12, 7, 14, 8], "texture": "#0"}
			}
		},
		{
			"name": "enchanted_brush_6",
			"from": [14, 9, 7.5],
			"to": [15, 11, 8.5],
			"rotation": {"angle": 0, "axis": "y", "origin": [0, 0, 7.5]},
			"faces": {
				"north": {"uv": [15, 5, 14, 7], "texture": "#0"},
				"east": {"uv": [14, 5, 15, 7], "texture": "#0"},
				"south": {"uv": [14, 5, 15, 7], "texture": "#0"},
				"west": {"uv": [14, 5, 15, 7], "texture": "#0"},
				"up": {"uv": [14, 5, 15, 6], "texture": "#0"},
				"down": {"uv": [14, 6, 15, 7], "texture": "#0"}
			}
		},
		{
			"name": "enchanted_brush_7",
			"from": [5, 3, 7.5],
			"to": [6, 9, 8.5],
			"rotation": {"angle": 0, "axis": "y", "origin": [0, 0, 7.5]},
			"faces": {
				"north": {"uv": [6, 7, 5, 13], "texture": "#0"},
				"east": {"uv": [5, 7, 6, 13], "texture": "#0"},
				"south": {"uv": [5, 7, 6, 13], "texture": "#0"},
				"west": {"uv": [5, 7, 6, 13], "texture": "#0"},
				"up": {"uv": [5, 7, 6, 8], "texture": "#0"},
				"down": {"uv": [5, 12, 6, 13], "texture": "#0"}
			}
		},
		{
			"name": "enchanted_brush_8",
			"from": [12, 7, 7.5],
			"to": [13, 8, 8.5],
			"rotation": {"angle": 0, "axis": "y", "origin": [0, 0, 7.5]},
			"faces": {
				"north": {"uv": [13, 8, 12, 9], "texture": "#0"},
				"east": {"uv": [12, 8, 13, 9], "texture": "#0"},
				"south": {"uv": [12, 8, 13, 9], "texture": "#0"},
				"west": {"uv": [12, 8, 13, 9], "texture": "#0"},
				"up": {"uv": [12, 8, 13, 9], "texture": "#0"},
				"down": {"uv": [12, 8, 13, 9], "texture": "#0"}
			}
		},
		{
			"name": "enchanted_brush_9",
			"from": [4, 2, 7.5],
			"to": [5, 7, 8.5],
			"rotation": {"angle": 0, "axis": "y", "origin": [0, 0, 7.5]},
			"faces": {
				"north": {"uv": [5, 9, 4, 14], "texture": "#0"},
				"east": {"uv": [4, 9, 5, 14], "texture": "#0"},
				"south": {"uv": [4, 9, 5, 14], "texture": "#0"},
				"west": {"uv": [4, 9, 5, 14], "texture": "#0"},
				"up": {"uv": [4, 9, 5, 10], "texture": "#0"},
				"down": {"uv": [4, 13, 5, 14], "texture": "#0"}
			}
		},
		{
			"name": "enchanted_brush_10",
			"from": [9, 6, 7.5],
			"to": [11, 7, 8.5],
			"rotation": {"angle": 0, "axis": "y", "origin": [0, 0, 7.5]},
			"faces": {
				"north": {"uv": [11, 9, 9, 10], "texture": "#0"},
				"east": {"uv": [10, 9, 11, 10], "texture": "#0"},
				"south": {"uv": [9, 9, 11, 10], "texture": "#0"},
				"west": {"uv": [9, 9, 10, 10], "texture": "#0"},
				"up": {"uv": [9, 9, 11, 10], "texture": "#0"},
				"down": {"uv": [9, 9, 11, 10], "texture": "#0"}
			}
		},
		{
			"name": "enchanted_brush_11",
			"from": [3, 1, 7.5],
			"to": [4, 6, 8.5],
			"rotation": {"angle": 0, "axis": "y", "origin": [0, 0, 7.5]},
			"faces": {
				"north": {"uv": [4, 10, 3, 15], "texture": "#0"},
				"east": {"uv": [3, 10, 4, 15], "texture": "#0"},
				"south": {"uv": [3, 10, 4, 15], "texture": "#0"},
				"west": {"uv": [3, 10, 4, 15], "texture": "#0"},
				"up": {"uv": [3, 10, 4, 11], "texture": "#0"},
				"down": {"uv": [3, 14, 4, 15], "texture": "#0"}
			}
		},
		{
			"name": "enchanted_brush_12",
			"from": [2, 1, 7.5],
			"to": [3, 5, 8.5],
			"rotation": {"angle": 0, "axis": "y", "origin": [0, 0, 7.5]},
			"faces": {
				"north": {"uv": [3, 11, 2, 15], "texture": "#0"},
				"east": {"uv": [2, 11, 3, 15], "texture": "#0"},
				"south": {"uv": [2, 11, 3, 15], "texture": "#0"},
				"west": {"uv": [2, 11, 3, 15], "texture": "#0"},
				"up": {"uv": [2, 11, 3, 12], "texture": "#0"},
				"down": {"uv": [2, 14, 3, 15], "texture": "#0"}
			}
		},
		{
			"name": "enchanted_brush_13",
			"from": [1, 2, 7.5],
			"to": [2, 4, 8.5],
			"rotation": {"angle": 0, "axis": "y", "origin": [0, 0, 7.5]},
			"faces": {
				"north": {"uv": [2, 12, 1, 14], "texture": "#0"},
				"east": {"uv": [1, 12, 2, 14], "texture": "#0"},
				"south": {"uv": [1, 12, 2, 14], "texture": "#0"},
				"west": {"uv": [1, 12, 2, 14], "texture": "#0"},
				"up": {"uv": [1, 12, 2, 13], "texture": "#0"},
				"down": {"uv": [1, 13, 2, 14], "texture": "#0"}
			}
		},
		{
			"name": "enchanted_brush_0_outline",
			"from": [12.1, 15.1, 8.6],
			"to": [8.9, 6.9, 7.4],
			"rotation": {"angle": 0, "axis": "y", "origin": [0, 0, 7.5]},
			"faces": {
				"north": {"uv": [0, 0, 1.5, 4], "texture": "#1"},
				"east": {"uv": [3, 4.5, 3.5, 8.5], "texture": "#1"},
				"south": {"uv": [2, 0, 3.5, 4], "texture": "#1"},
				"west": {"uv": [5, 0, 5.5, 4], "texture": "#1"},
				"up": {"uv": [13, 0.5, 11.5, 0], "texture": "#1"},
				"down": {"uv": [13, 1, 11.5, 1.5], "texture": "#1"}
			}
		},
		{
			"name": "enchanted_brush_1_outline",
			"from": [9.1, 14.1, 8.6],
			"to": [7.9, 4.9, 7.4],
			"rotation": {"angle": 0, "axis": "y", "origin": [0, 0, 7.5]},
			"faces": {
				"north": {"uv": [4, 0, 4.5, 4.5], "texture": "#1"},
				"east": {"uv": [0, 4.5, 0.5, 9], "texture": "#1"},
				"south": {"uv": [1, 4.5, 1.5, 9], "texture": "#1"},
				"west": {"uv": [2, 4.5, 2.5, 9], "texture": "#1"},
				"up": {"uv": [9, 13.5, 8.5, 13], "texture": "#1"},
				"down": {"uv": [13.5, 9, 13, 9.5], "texture": "#1"}
			}
		},
		{
			"name": "enchanted_brush_2_outline",
			"from": [15.1, 14.1, 8.6],
			"to": [11.9, 11.9, 7.4],
			"rotation": {"angle": 0, "axis": "y", "origin": [0, 0, 7.5]},
			"faces": {
				"north": {"uv": [5, 9, 6.5, 10], "texture": "#1"},
				"east": {"uv": [12, 4, 12.5, 5], "texture": "#1"},
				"south": {"uv": [9, 5, 10.5, 6], "texture": "#1"},
				"west": {"uv": [12, 5.5, 12.5, 6.5], "texture": "#1"},
				"up": {"uv": [13, 2.5, 11.5, 2], "texture": "#1"},
				"down": {"uv": [13.5, 3, 12, 3.5], "texture": "#1"}
			}
		},
		{
			"name": "enchanted_brush_3_outline",
			"from": [8.1, 13.1, 8.6],
			"to": [6.9, 4.9, 7.4],
			"rotation": {"angle": 0, "axis": "y", "origin": [0, 0, 7.5]},
			"faces": {
				"north": {"uv": [4, 5, 4.5, 9], "texture": "#1"},
				"east": {"uv": [5, 4.5, 5.5, 8.5], "texture": "#1"},
				"south": {"uv": [6, 0, 6.5, 4], "texture": "#1"},
				"west": {"uv": [6, 4.5, 6.5, 8.5], "texture": "#1"},
				"up": {"uv": [13.5, 10.5, 13, 10], "texture": "#1"},
				"down": {"uv": [11.5, 13, 11, 13.5], "texture": "#1"}
			}
		},
		{
			"name": "enchanted_brush_4_outline",
			"from": [7.1, 12.1, 8.6],
			"to": [5.9, 3.9, 7.4],
			"rotation": {"angle": 0, "axis": "y", "origin": [0, 0, 7.5]},
			"faces": {
				"north": {"uv": [7, 0, 7.5, 4], "texture": "#1"},
				"east": {"uv": [7, 4.5, 7.5, 8.5], "texture": "#1"},
				"south": {"uv": [8, 0, 8.5, 4], "texture": "#1"},
				"west": {"uv": [8, 4.5, 8.5, 8.5], "texture": "#1"},
				"up": {"uv": [13.5, 11.5, 13, 11], "texture": "#1"},
				"down": {"uv": [13.5, 12, 13, 12.5], "texture": "#1"}
			}
		},
		{
			"name": "enchanted_brush_5_outline",
			"from": [14.1, 12.1, 8.6],
			"to": [11.9, 7.9, 7.4],
			"rotation": {"angle": 0, "axis": "y", "origin": [0, 0, 7.5]},
			"faces": {
				"north": {"uv": [9, 0, 10, 2], "texture": "#1"},
				"east": {"uv": [5, 10.5, 5.5, 12.5], "texture": "#1"},
				"south": {"uv": [9, 2.5, 10, 4.5], "texture": "#1"},
				"west": {"uv": [6, 10.5, 6.5, 12.5], "texture": "#1"},
				"up": {"uv": [13, 7.5, 12, 7], "texture": "#1"},
				"down": {"uv": [13, 8, 12, 8.5], "texture": "#1"}
			}
		},
		{
			"name": "enchanted_brush_6_outline",
			"from": [15.1, 11.1, 8.6],
			"to": [13.9, 8.9, 7.4],
			"rotation": {"angle": 0, "axis": "y", "origin": [0, 0, 7.5]},
			"faces": {
				"north": {"uv": [12, 9, 12.5, 10], "texture": "#1"},
				"east": {"uv": [12, 10.5, 12.5, 11.5], "texture": "#1"},
				"south": {"uv": [12, 12, 12.5, 13], "texture": "#1"},
				"west": {"uv": [0, 12.5, 0.5, 13.5], "texture": "#1"},
				"up": {"uv": [13.5, 13.5, 13, 13], "texture": "#1"},
				"down": {"uv": [14, 0, 13.5, 0.5], "texture": "#1"}
			}
		},
		{
			"name": "enchanted_brush_7_outline",
			"from": [6.1, 9.1, 8.6],
			"to": [4.9, 2.9, 7.4],
			"rotation": {"angle": 0, "axis": "y", "origin": [0, 0, 7.5]},
			"faces": {
				"north": {"uv": [3, 9, 3.5, 12], "texture": "#1"},
				"east": {"uv": [9, 6.5, 9.5, 9.5], "texture": "#1"},
				"south": {"uv": [7, 9, 7.5, 12], "texture": "#1"},
				"west": {"uv": [8, 9, 8.5, 12], "texture": "#1"},
				"up": {"uv": [1.5, 14, 1, 13.5], "texture": "#1"},
				"down": {"uv": [14, 1, 13.5, 1.5], "texture": "#1"}
			}
		},
		{
			"name": "enchanted_brush_8_outline",
			"from": [13.1, 8.1, 8.6],
			"to": [11.9, 6.9, 7.4],
			"rotation": {"angle": 0, "axis": "y", "origin": [0, 0, 7.5]},
			"faces": {
				"north": {"uv": [2, 13.5, 2.5, 14], "texture": "#1"},
				"east": {"uv": [13.5, 2, 14, 2.5], "texture": "#1"},
				"south": {"uv": [3, 13.5, 3.5, 14], "texture": "#1"},
				"west": {"uv": [6.5, 13.5, 7, 14], "texture": "#1"},
				"up": {"uv": [14, 7.5, 13.5, 7], "texture": "#1"},
				"down": {"uv": [8, 13.5, 7.5, 14], "texture": "#1"}
			}
		},
		{
			"name": "enchanted_brush_9_outline",
			"from": [5.1, 7.1, 8.6],
			"to": [3.9, 1.9, 7.4],
			"rotation": {"angle": 0, "axis": "y", "origin": [0, 0, 7.5]},
			"faces": {
				"north": {"uv": [0, 9.5, 0.5, 12], "texture": "#1"},
				"east": {"uv": [1, 9.5, 1.5, 12], "texture": "#1"},
				"south": {"uv": [2, 9.5, 2.5, 12], "texture": "#1"},
				"west": {"uv": [4, 9.5, 4.5, 12], "texture": "#1"},
				"up": {"uv": [14, 8.5, 13.5, 8], "texture": "#1"},
				"down": {"uv": [12.5, 13.5, 12, 14], "texture": "#1"}
			}
		},
		{
			"name": "enchanted_brush_10_outline",
			"from": [11.1, 7.1, 8.6],
			"to": [8.9, 5.9, 7.4],
			"rotation": {"angle": 0, "axis": "y", "origin": [0, 0, 7.5]},
			"faces": {
				"north": {"uv": [1, 12.5, 2, 13], "texture": "#1"},
				"east": {"uv": [0, 14, 0.5, 14.5], "texture": "#1"},
				"south": {"uv": [2.5, 12.5, 3.5, 13], "texture": "#1"},
				"west": {"uv": [14, 3, 14.5, 3.5], "texture": "#1"},
				"up": {"uv": [8, 13, 7, 12.5], "texture": "#1"},
				"down": {"uv": [5, 13, 4, 13.5], "texture": "#1"}
			}
		},
		{
			"name": "enchanted_brush_11_outline",
			"from": [4.1, 6.1, 8.6],
			"to": [2.9, 0.9, 7.4],
			"rotation": {"angle": 0, "axis": "y", "origin": [0, 0, 7.5]},
			"faces": {
				"north": {"uv": [10, 6.5, 10.5, 9], "texture": "#1"},
				"east": {"uv": [9, 10, 9.5, 12.5], "texture": "#1"},
				"south": {"uv": [10, 9.5, 10.5, 12], "texture": "#1"},
				"west": {"uv": [10.5, 0, 11, 2.5], "texture": "#1"},
				"up": {"uv": [4.5, 14.5, 4, 14], "texture": "#1"},
				"down": {"uv": [14.5, 4, 14, 4.5], "texture": "#1"}
			}
		},
		{
			"name": "enchanted_brush_12_outline",
			"from": [3.1, 5.1, 8.6],
			"to": [1.9, 0.9, 7.4],
			"rotation": {"angle": 0, "axis": "y", "origin": [0, 0, 7.5]},
			"faces": {
				"north": {"uv": [11, 3, 11.5, 5], "texture": "#1"},
				"east": {"uv": [11, 5.5, 11.5, 7.5], "texture": "#1"},
				"south": {"uv": [11, 8, 11.5, 10], "texture": "#1"},
				"west": {"uv": [11, 10.5, 11.5, 12.5], "texture": "#1"},
				"up": {"uv": [14.5, 5.5, 14, 5], "texture": "#1"},
				"down": {"uv": [14.5, 6, 14, 6.5], "texture": "#1"}
			}
		},
		{
			"name": "enchanted_brush_13_outline",
			"from": [2.1, 4.1, 8.6],
			"to": [0.9, 1.9, 7.4],
			"rotation": {"angle": 0, "axis": "y", "origin": [0, 0, 7.5]},
			"faces": {
				"north": {"uv": [10, 12.5, 10.5, 13.5], "texture": "#1"},
				"east": {"uv": [13, 4, 13.5, 5], "texture": "#1"},
				"south": {"uv": [5.5, 13, 6, 14], "texture": "#1"},
				"west": {"uv": [13, 5.5, 13.5, 6.5], "texture": "#1"},
				"up": {"uv": [9, 14.5, 8.5, 14], "texture": "#1"},
				"down": {"uv": [14.5, 9, 14, 9.5], "texture": "#1"}
			}
		}
	],
	"display": {
		"thirdperson_righthand": {
			"rotation": [0, -180, 45],
			"translation": [0, 4, 0],
			"scale": [0.85, 0.85, 0.85]
		},
		"thirdperson_lefthand": {
			"rotation": [0, -180, -45],
			"translation": [0, 4, 0],
			"scale": [0.85, 0.85, 0.85]
		},
		"firstperson_righthand": {
			"rotation": [0, -90, 25],
			"translation": [1.13, 3.2, 1.13],
			"scale": [0.68, 0.68, 0.68]
		},
		"firstperson_lefthand": {
			"rotation": [0, 90, -25],
			"translation": [1.13, 3.2, 1.13],
			"scale": [0.68, 0.68, 0.68]
		},
		"ground": {
			"translation": [0, 2, 0],
			"scale": [0.5, 0.5, 0.5]
		},
		"head": {
			"rotation": [0, 180, 0],
			"translation": [0, 13, 7]
		},
		"fixed": {
			"rotation": [0, 180, 0]
		}
	},
	"groups": [
		{
			"name": "enchanted_brush",
			"origin": [8, 8, 8],
			"color": 0,
			"children": [0, 1, 2, 3, 4, 5, 6, 7, 8, 9, 10, 11, 12, 13]
		},
		14,
		15,
		16,
		17,
		18,
		19,
		20,
		21,
		22,
		23,
		24,
		25,
		26,
		27
	]
}