{
	"credit": "Made with Blockbench",
	"textures": {
		"0": "item/enchanted_gold_pickaxe"
	},
	"elements": [
		{
			"name": "enchanted_netherite_pickaxe_0",
			"from": [6, 11, 7.5],
			"to": [11, 14, 8.5],
			"rotation": {"angle": 0, "axis": "y", "origin": [0, 0, 7.5]},
			"faces": {
				"north": {"uv": [11, 2, 6, 5], "texture": "#0"},
				"east": {"uv": [10, 2, 11, 5], "texture": "#0"},
				"south": {"uv": [6, 2, 11, 5], "texture": "#0"},
				"west": {"uv": [6, 2, 7, 5], "texture": "#0"},
				"up": {"uv": [6, 2, 11, 3], "texture": "#0"},
				"down": {"uv": [6, 4, 11, 5], "texture": "#0"}
			}
		},
		{
			"name": "enchanted_netherite_pickaxe_1",
			"from": [5, 12, 7.5],
			"to": [6, 13, 8.5],
			"rotation": {"angle": 0, "axis": "y", "origin": [0, 0, 7.5]},
			"faces": {
				"north": {"uv": [6, 3, 5, 4], "texture": "#0"},
				"east": {"uv": [5, 3, 6, 4], "texture": "#0"},
				"south": {"uv": [5, 3, 6, 4], "texture": "#0"},
				"west": {"uv": [5, 3, 6, 4], "texture": "#0"},
				"up": {"uv": [5, 3, 6, 4], "texture": "#0"},
				"down": {"uv": [5, 3, 6, 4], "texture": "#0"}
			}
		},
		{
			"name": "enchanted_netherite_pickaxe_2",
			"from": [11, 9, 7.5],
			"to": [14, 13, 8.5],
			"rotation": {"angle": 0, "axis": "y", "origin": [0, 0, 7.5]},
			"faces": {
				"north": {"uv": [14, 3, 11, 7], "texture": "#0"},
				"east": {"uv": [13, 3, 14, 7], "texture": "#0"},
				"south": {"uv": [11, 3, 14, 7], "texture": "#0"},
				"west": {"uv": [11, 3, 12, 7], "texture": "#0"},
				"up": {"uv": [11, 3, 14, 4], "texture": "#0"},
				"down": {"uv": [11, 6, 14, 7], "texture": "#0"}
			}
		},
		{
			"name": "enchanted_netherite_pickaxe_3",
			"from": [10, 8, 7.5],
			"to": [11, 11, 8.5],
			"rotation": {"angle": 0, "axis": "y", "origin": [0, 0, 7.5]},
			"faces": {
				"north": {"uv": [11, 5, 10, 8], "texture": "#0"},
				"east": {"uv": [10, 5, 11, 8], "texture": "#0"},
				"south": {"uv": [10, 5, 11, 8], "texture": "#0"},
				"west": {"uv": [10, 5, 11, 8], "texture": "#0"},
				"up": {"uv": [10, 5, 11, 6], "texture": "#0"},
				"down": {"uv": [10, 7, 11, 8], "texture": "#0"}
			}
		},
		{
			"name": "enchanted_netherite_pickaxe_4",
			"from": [9, 7, 7.5],
			"to": [10, 10, 8.5],
			"rotation": {"angle": 0, "axis": "y", "origin": [0, 0, 7.5]},
			"faces": {
				"north": {"uv": [10, 6, 9, 9], "texture": "#0"},
				"east": {"uv": [9, 6, 10, 9], "texture": "#0"},
				"south": {"uv": [9, 6, 10, 9], "texture": "#0"},
				"west": {"uv": [9, 6, 10, 9], "texture": "#0"},
				"up": {"uv": [9, 6, 10, 7], "texture": "#0"},
				"down": {"uv": [9, 8, 10, 9], "texture": "#0"}
			}
		},
		{
			"name": "enchanted_netherite_pickaxe_5",
			"from": [14, 5, 7.5],
			"to": [15, 10, 8.5],
			"rotation": {"angle": 0, "axis": "y", "origin": [0, 0, 7.5]},
			"faces": {
				"north": {"uv": [15, 6, 14, 11], "texture": "#0"},
				"east": {"uv": [14, 6, 15, 11], "texture": "#0"},
				"south": {"uv": [14, 6, 15, 11], "texture": "#0"},
				"west": {"uv": [14, 6, 15, 11], "texture": "#0"},
				"up": {"uv": [14, 6, 15, 7], "texture": "#0"},
				"down": {"uv": [14, 10, 15, 11], "texture": "#0"}
			}
		},
		{
			"name": "enchanted_netherite_pickaxe_6",
			"from": [8, 6, 7.5],
			"to": [9, 9, 8.5],
			"rotation": {"angle": 0, "axis": "y", "origin": [0, 0, 7.5]},
			"faces": {
				"north": {"uv": [9, 7, 8, 10], "texture": "#0"},
				"east": {"uv": [8, 7, 9, 10], "texture": "#0"},
				"south": {"uv": [8, 7, 9, 10], "texture": "#0"},
				"west": {"uv": [8, 7, 9, 10], "texture": "#0"},
				"up": {"uv": [8, 7, 9, 8], "texture": "#0"},
				"down": {"uv": [8, 9, 9, 10], "texture": "#0"}
			}
		},
		{
			"name": "enchanted_netherite_pickaxe_7",
			"from": [12, 5, 7.5],
			"to": [14, 9, 8.5],
			"rotation": {"angle": 0, "axis": "y", "origin": [0, 0, 7.5]},
			"faces": {
				"north": {"uv": [14, 7, 12, 11], "texture": "#0"},
				"east": {"uv": [13, 7, 14, 11], "texture": "#0"},
				"south": {"uv": [12, 7, 14, 11], "texture": "#0"},
				"west": {"uv": [12, 7, 13, 11], "texture": "#0"},
				"up": {"uv": [12, 7, 14, 8], "texture": "#0"},
				"down": {"uv": [12, 10, 14, 11], "texture": "#0"}
			}
		},
		{
			"name": "enchanted_netherite_pickaxe_8",
			"from": [7, 5, 7.5],
			"to": [8, 8, 8.5],
			"rotation": {"angle": 0, "axis": "y", "origin": [0, 0, 7.5]},
			"faces": {
				"north": {"uv": [8, 8, 7, 11], "texture": "#0"},
				"east": {"uv": [7, 8, 8, 11], "texture": "#0"},
				"south": {"uv": [7, 8, 8, 11], "texture": "#0"},
				"west": {"uv": [7, 8, 8, 11], "texture": "#0"},
				"up": {"uv": [7, 8, 8, 9], "texture": "#0"},
				"down": {"uv": [7, 10, 8, 11], "texture": "#0"}
			}
		},
		{
			"name": "enchanted_netherite_pickaxe_9",
			"from": [6, 4, 7.5],
			"to": [7, 7, 8.5],
			"rotation": {"angle": 0, "axis": "y", "origin": [0, 0, 7.5]},
			"faces": {
				"north": {"uv": [7, 9, 6, 12], "texture": "#0"},
				"east": {"uv": [6, 9, 7, 12], "texture": "#0"},
				"south": {"uv": [6, 9, 7, 12], "texture": "#0"},
				"west": {"uv": [6, 9, 7, 12], "texture": "#0"},
				"up": {"uv": [6, 9, 7, 10], "texture": "#0"},
				"down": {"uv": [6, 11, 7, 12], "texture": "#0"}
			}
		},
		{
			"name": "enchanted_netherite_pickaxe_10",
			"from": [5, 3, 7.5],
			"to": [6, 6, 8.5],
			"rotation": {"angle": 0, "axis": "y", "origin": [0, 0, 7.5]},
			"faces": {
				"north": {"uv": [6, 10, 5, 13], "texture": "#0"},
				"east": {"uv": [5, 10, 6, 13], "texture": "#0"},
				"south": {"uv": [5, 10, 6, 13], "texture": "#0"},
				"west": {"uv": [5, 10, 6, 13], "texture": "#0"},
				"up": {"uv": [5, 10, 6, 11], "texture": "#0"},
				"down": {"uv": [5, 12, 6, 13], "texture": "#0"}
			}
		},
		{
			"name": "enchanted_netherite_pickaxe_11",
			"from": [4, 2, 7.5],
			"to": [5, 5, 8.5],
			"rotation": {"angle": 0, "axis": "y", "origin": [0, 0, 7.5]},
			"faces": {
				"north": {"uv": [5, 11, 4, 14], "texture": "#0"},
				"east": {"uv": [4, 11, 5, 14], "texture": "#0"},
				"south": {"uv": [4, 11, 5, 14], "texture": "#0"},
				"west": {"uv": [4, 11, 5, 14], "texture": "#0"},
				"up": {"uv": [4, 11, 5, 12], "texture": "#0"},
				"down": {"uv": [4, 13, 5, 14], "texture": "#0"}
			}
		},
		{
			"name": "enchanted_netherite_pickaxe_12",
			"from": [13, 4, 7.5],
			"to": [14, 5, 8.5],
			"rotation": {"angle": 0, "axis": "y", "origin": [0, 0, 7.5]},
			"faces": {
				"north": {"uv": [14, 11, 13, 12], "texture": "#0"},
				"east": {"uv": [13, 11, 14, 12], "texture": "#0"},
				"south": {"uv": [13, 11, 14, 12], "texture": "#0"},
				"west": {"uv": [13, 11, 14, 12], "texture": "#0"},
				"up": {"uv": [13, 11, 14, 12], "texture": "#0"},
				"down": {"uv": [13, 11, 14, 12], "texture": "#0"}
			}
		},
		{
			"name": "enchanted_netherite_pickaxe_13",
			"from": [3, 1, 7.5],
			"to": [4, 4, 8.5],
			"rotation": {"angle": 0, "axis": "y", "origin": [0, 0, 7.5]},
			"faces": {
				"north": {"uv": [4, 12, 3, 15], "texture": "#0"},
				"east": {"uv": [3, 12, 4, 15], "texture": "#0"},
				"south": {"uv": [3, 12, 4, 15], "texture": "#0"},
				"west": {"uv": [3, 12, 4, 15], "texture": "#0"},
				"up": {"uv": [3, 12, 4, 13], "texture": "#0"},
				"down": {"uv": [3, 14, 4, 15], "texture": "#0"}
			}
		},
		{
			"name": "enchanted_netherite_pickaxe_14",
			"from": [2, 1, 7.5],
			"to": [3, 3, 8.5],
			"rotation": {"angle": 0, "axis": "y", "origin": [0, 0, 7.5]},
			"faces": {
				"north": {"uv": [3, 13, 2, 15], "texture": "#0"},
				"east": {"uv": [2, 13, 3, 15], "texture": "#0"},
				"south": {"uv": [2, 13, 3, 15], "texture": "#0"},
				"west": {"uv": [2, 13, 3, 15], "texture": "#0"},
				"up": {"uv": [2, 13, 3, 14], "texture": "#0"},
				"down": {"uv": [2, 14, 3, 15], "texture": "#0"}
			}
		},
		{
			"name": "cube_outline",
			"from": [4.1, 3.1, 8.6],
			"to": [1.9, 0.9, 7.4],
			"shade": false,
			"rotation": {"angle": 0, "axis": "y", "origin": [8.25, 7.25, 8]},
			"faces": {
				"north": {"uv": [14, 16, 16, 14], "rotation": 180, "texture": "#0"},
				"east": {"uv": [15, 16, 16, 15], "rotation": 90, "texture": "#0"},
				"south": {"uv": [16, 16, 14, 14], "rotation": 180, "texture": "#0"},
				"west": {"uv": [14, 16, 16, 15], "rotation": 270, "texture": "#0"},
				"up": {"uv": [15, 16, 16, 15], "texture": "#0"},
				"down": {"uv": [14, 16, 16, 15], "texture": "#0"}
			}
		},
		{
			"name": "cube_outline",
			"from": [5.1, 4.1, 8.6],
			"to": [2.9, 1.9, 7.4],
			"shade": false,
			"rotation": {"angle": 0, "axis": "y", "origin": [8.25, 7.25, 8]},
			"faces": {
				"north": {"uv": [16, 12, 14, 14], "rotation": 90, "texture": "#0"},
				"east": {"uv": [14, 16, 16, 15], "rotation": 90, "texture": "#0"},
				"south": {"uv": [16, 16, 14, 14], "rotation": 180, "texture": "#0"},
				"west": {"uv": [14, 16, 16, 15], "rotation": 270, "texture": "#0"},
				"up": {"uv": [16, 16, 14, 15], "texture": "#0"},
				"down": {"uv": [14, 16, 16, 15], "texture": "#0"}
			}
		},
		{
			"name": "cube_outline",
			"from": [6.1, 5.1, 8.6],
			"to": [3.9, 2.9, 7.4],
			"shade": false,
			"rotation": {"angle": 0, "axis": "y", "origin": [8.25, 7.25, 8]},
			"faces": {
				"north": {"uv": [16, 12, 14, 14], "rotation": 90, "texture": "#0"},
				"east": {"uv": [14, 16, 16, 15], "rotation": 90, "texture": "#0"},
				"south": {"uv": [16, 16, 14, 14], "rotation": 180, "texture": "#0"},
				"west": {"uv": [14, 16, 16, 15], "rotation": 270, "texture": "#0"},
				"up": {"uv": [16, 16, 14, 15], "texture": "#0"},
				"down": {"uv": [14, 16, 16, 15], "texture": "#0"}
			}
		},
		{
			"name": "cube_outline",
			"from": [7.1, 6.1, 8.6],
			"to": [4.9, 3.9, 7.4],
			"shade": false,
			"rotation": {"angle": 0, "axis": "y", "origin": [8.25, 7.25, 8]},
			"faces": {
				"north": {"uv": [16, 12, 14, 14], "rotation": 90, "texture": "#0"},
				"east": {"uv": [14, 16, 16, 15], "rotation": 90, "texture": "#0"},
				"south": {"uv": [16, 16, 14, 14], "rotation": 180, "texture": "#0"},
				"west": {"uv": [14, 16, 16, 15], "rotation": 270, "texture": "#0"},
				"up": {"uv": [16, 16, 14, 15], "texture": "#0"},
				"down": {"uv": [14, 16, 16, 15], "texture": "#0"}
			}
		},
		{
			"name": "cube_outline",
			"from": [8.1, 7.1, 8.6],
			"to": [5.9, 4.9, 7.4],
			"shade": false,
			"rotation": {"angle": 0, "axis": "y", "origin": [8.25, 7.25, 8]},
			"faces": {
				"north": {"uv": [16, 12, 14, 14], "rotation": 90, "texture": "#0"},
				"east": {"uv": [14, 16, 16, 15], "rotation": 90, "texture": "#0"},
				"south": {"uv": [16, 16, 14, 14], "rotation": 180, "texture": "#0"},
				"west": {"uv": [14, 16, 16, 15], "rotation": 270, "texture": "#0"},
				"up": {"uv": [16, 16, 14, 15], "texture": "#0"},
				"down": {"uv": [14, 16, 16, 15], "texture": "#0"}
			}
		},
		{
			"name": "cube_outline",
			"from": [10.1, 9.1, 8.6],
			"to": [7.9, 6.9, 7.4],
			"shade": false,
			"rotation": {"angle": 0, "axis": "y", "origin": [8.25, 7.25, 8]},
			"faces": {
				"north": {"uv": [16, 12, 14, 14], "rotation": 90, "texture": "#0"},
				"east": {"uv": [14, 16, 16, 15], "rotation": 90, "texture": "#0"},
				"south": {"uv": [16, 16, 14, 14], "rotation": 180, "texture": "#0"},
				"west": {"uv": [14, 16, 16, 15], "rotation": 270, "texture": "#0"},
				"up": {"uv": [16, 16, 14, 15], "texture": "#0"},
				"down": {"uv": [14, 16, 16, 15], "texture": "#0"}
			}
		},
		{
			"name": "cube_outline",
			"from": [11.1, 10.1, 8.6],
			"to": [8.9, 7.9, 7.4],
			"shade": false,
			"rotation": {"angle": 0, "axis": "y", "origin": [8.25, 7.25, 8]},
			"faces": {
				"north": {"uv": [16, 12, 14, 14], "rotation": 90, "texture": "#0"},
				"east": {"uv": [14, 16, 16, 15], "rotation": 90, "texture": "#0"},
				"south": {"uv": [16, 16, 14, 14], "rotation": 180, "texture": "#0"},
				"west": {"uv": [14, 16, 16, 15], "rotation": 270, "texture": "#0"},
				"up": {"uv": [16, 16, 14, 15], "texture": "#0"},
				"down": {"uv": [14, 16, 16, 15], "texture": "#0"}
			}
		},
		{
			"name": "cube_outline",
			"from": [9.1, 8.1, 8.6],
			"to": [6.9, 5.9, 7.4],
			"shade": false,
			"rotation": {"angle": 0, "axis": "y", "origin": [8.25, 7.25, 8]},
			"faces": {
				"north": {"uv": [16, 12, 14, 14], "rotation": 90, "texture": "#0"},
				"east": {"uv": [14, 16, 16, 15], "rotation": 90, "texture": "#0"},
				"south": {"uv": [16, 16, 14, 14], "rotation": 180, "texture": "#0"},
				"west": {"uv": [14, 16, 16, 15], "rotation": 270, "texture": "#0"},
				"up": {"uv": [16, 16, 14, 15], "texture": "#0"},
				"down": {"uv": [14, 16, 16, 15], "texture": "#0"}
			}
		},
		{
			"name": "cube_outline",
			"from": [14.1, 13.1, 8.6],
			"to": [9.9, 8.9, 7.4],
			"shade": false,
			"rotation": {"angle": 0, "axis": "y", "origin": [8.25, 7.25, 8]},
			"faces": {
				"north": {"uv": [16, 15, 15, 16], "rotation": 270, "texture": "#0"},
				"east": {"uv": [9, 15, 13, 14], "rotation": 90, "texture": "#0"},
				"south": {"uv": [16, 16, 15, 15], "rotation": 270, "texture": "#0"},
				"west": {"uv": [9, 13, 13, 12], "rotation": 270, "texture": "#0"},
				"up": {"uv": [13, 15, 9, 14], "texture": "#0"},
				"down": {"uv": [9, 13, 13, 12], "texture": "#0"}
			}
		},
		{
			"name": "cube_outline",
			"from": [11.1, 14.1, 8.6],
			"to": [5.9, 10.9, 7.4],
			"shade": false,
			"rotation": {"angle": 0, "axis": "y", "origin": [8.25, 7.25, 8]},
			"faces": {
				"north": {"uv": [16, 15, 15, 16], "rotation": 270, "texture": "#0"},
				"east": {"uv": [13, 13, 16, 12], "rotation": 90, "texture": "#0"},
				"south": {"uv": [16, 16, 15, 15], "rotation": 270, "texture": "#0"},
				"west": {"uv": [8, 16, 11, 15], "rotation": 270, "texture": "#0"},
				"up": {"uv": [8, 14, 13, 13], "texture": "#0"},
				"down": {"uv": [15, 16, 16, 15], "rotation": 180, "texture": "#0"}
			}
		},
		{
			"name": "cube_outline",
			"from": [15.1, 10.1, 8.6],
			"to": [11.9, 4.9, 7.4],
			"shade": false,
			"rotation": {"angle": 0, "axis": "y", "origin": [8.25, 7.25, 8]},
			"faces": {
				"north": {"uv": [16, 16, 15, 15], "rotation": 180, "texture": "#0"},
				"east": {"uv": [8, 14, 13, 13], "rotation": 270, "texture": "#0"},
				"south": {"uv": [16, 15, 15, 16], "texture": "#0"},
				"west": {"uv": [15, 16, 16, 15], "rotation": 90, "texture": "#0"},
				"up": {"uv": [13, 13, 16, 12], "rotation": 180, "texture": "#0"},
				"down": {"uv": [8, 16, 11, 15], "texture": "#0"}
			}
		},
		{
			"name": "cube_outline",
			"from": [14.1, 5.1, 8.6],
			"to": [12.9, 3.9, 7.4],
			"shade": false,
			"rotation": {"angle": 0, "axis": "y", "origin": [8.25, 7.25, 8]},
			"faces": {
				"north": {"uv": [16, 16, 15, 15], "rotation": 180, "texture": "#0"},
				"east": {"uv": [15, 16, 16, 15], "rotation": 270, "texture": "#0"},
				"south": {"uv": [16, 15, 15, 16], "texture": "#0"},
				"west": {"uv": [15, 16, 16, 15], "rotation": 90, "texture": "#0"},
				"up": {"uv": [15, 16, 16, 15], "rotation": 180, "texture": "#0"},
				"down": {"uv": [14, 16, 15, 15], "texture": "#0"}
			}
		},
		{
			"name": "cube_outline",
			"from": [6.1, 13.1, 8.6],
			"to": [4.9, 11.9, 7.4],
			"shade": false,
			"rotation": {"angle": 0, "axis": "y", "origin": [8.25, 7.25, 8]},
			"faces": {
				"north": {"uv": [16, 16, 15, 15], "rotation": 90, "texture": "#0"},
				"east": {"uv": [15, 16, 16, 15], "rotation": 270, "texture": "#0"},
				"south": {"uv": [16, 15, 15, 16], "rotation": 90, "texture": "#0"},
				"west": {"uv": [14, 16, 15, 15], "rotation": 90, "texture": "#0"},
				"up": {"uv": [15, 16, 16, 15], "rotation": 180, "texture": "#0"},
				"down": {"uv": [15, 16, 16, 15], "texture": "#0"}
			}
		}
	],
	"display": {
		"thirdperson_righthand": {
			"rotation": [0, -90, 55],
			"translation": [0, 4, 0.5],
			"scale": [0.85, 0.85, 0.85]
		},
		"thirdperson_lefthand": {
			"rotation": [0, 90, -55],
			"translation": [0, 4, 0.5],
			"scale": [0.85, 0.85, 0.85]
		},
		"firstperson_righthand": {
			"rotation": [0, -90, 25],
			"translation": [1.13, 3.2, 1.13],
			"scale": [0.68, 0.68, 0.68]
		},
		"firstperson_lefthand": {
			"rotation": [0, 90, -25],
			"translation": [1.13, 3.2, 1.13],
			"scale": [0.68, 0.68, 0.68]
		},
		"ground": {
			"translation": [0, 2, 0],
			"scale": [0.5, 0.5, 0.5]
		},
		"head": {
			"rotation": [0, 180, 0],
			"translation": [0, 13, 7]
		},
		"fixed": {
			"rotation": [0, 180, 0]
		}
	},
	"groups": [
		{
			"name": "enchanted_netherite_pickaxe",
			"origin": [8, 8, 8],
			"color": 0,
			"children": [0, 1, 2, 3, 4, 5, 6, 7, 8, 9, 10, 11, 12, 13, 14]
		},
		{
			"name": "enchant_outline",
			"origin": [6, 0.5, 3.5],
			"color": 0,
			"children": [15, 16, 17, 18, 19, 20, 21, 22, 23, 24, 25, 26, 27]
		}
	]
}