{
	"credit": "Made with Blockbench",
	"texture_size": [32, 32],
	"textures": {
		"0": "item/enchanted_nether_star",
		"1": "item/star_outline",
		"particle": "item/enchanted_nether_star"
	},
	"elements": [
		{
			"name": "enchanted_nether_star_0",
			"from": [8, 1, 7.5],
			"to": [9, 14, 8.5],
			"rotation": {"angle": 0, "axis": "y", "origin": [0, 0, 7.5]},
			"faces": {
				"north": {"uv": [9, 2, 8, 15], "texture": "#0"},
				"east": {"uv": [8, 2, 9, 15], "texture": "#0"},
				"south": {"uv": [8, 2, 9, 15], "texture": "#0"},
				"west": {"uv": [8, 2, 9, 15], "texture": "#0"},
				"up": {"uv": [8, 2, 9, 3], "texture": "#0"},
				"down": {"uv": [8, 14, 9, 15], "texture": "#0"}
			}
		},
		{
			"name": "enchanted_nether_star_1",
			"from": [7, 2, 7.5],
			"to": [8, 13, 8.5],
			"rotation": {"angle": 0, "axis": "y", "origin": [0, 0, 7.5]},
			"faces": {
				"north": {"uv": [8, 3, 7, 14], "texture": "#0"},
				"east": {"uv": [7, 3, 8, 14], "texture": "#0"},
				"south": {"uv": [7, 3, 8, 14], "texture": "#0"},
				"west": {"uv": [7, 3, 8, 14], "texture": "#0"},
				"up": {"uv": [7, 3, 8, 4], "texture": "#0"},
				"down": {"uv": [7, 13, 8, 14], "texture": "#0"}
			}
		},
		{
			"name": "enchanted_nether_star_2",
			"from": [9, 2, 7.5],
			"to": [10, 13, 8.5],
			"rotation": {"angle": 0, "axis": "y", "origin": [0, 0, 7.5]},
			"faces": {
				"north": {"uv": [10, 3, 9, 14], "texture": "#0"},
				"east": {"uv": [9, 3, 10, 14], "texture": "#0"},
				"south": {"uv": [9, 3, 10, 14], "texture": "#0"},
				"west": {"uv": [9, 3, 10, 14], "texture": "#0"},
				"up": {"uv": [9, 3, 10, 4], "texture": "#0"},
				"down": {"uv": [9, 13, 10, 14], "texture": "#0"}
			}
		},
		{
			"name": "enchanted_nether_star_3",
			"from": [6, 3, 7.5],
			"to": [7, 12, 8.5],
			"rotation": {"angle": 0, "axis": "y", "origin": [0, 0, 7.5]},
			"faces": {
				"north": {"uv": [7, 4, 6, 13], "texture": "#0"},
				"east": {"uv": [6, 4, 7, 13], "texture": "#0"},
				"south": {"uv": [6, 4, 7, 13], "texture": "#0"},
				"west": {"uv": [6, 4, 7, 13], "texture": "#0"},
				"up": {"uv": [6, 4, 7, 5], "texture": "#0"},
				"down": {"uv": [6, 12, 7, 13], "texture": "#0"}
			}
		},
		{
			"name": "enchanted_nether_star_4",
			"from": [10, 3, 7.5],
			"to": [11, 12, 8.5],
			"rotation": {"angle": 0, "axis": "y", "origin": [0, 0, 7.5]},
			"faces": {
				"north": {"uv": [11, 4, 10, 13], "texture": "#0"},
				"east": {"uv": [10, 4, 11, 13], "texture": "#0"},
				"south": {"uv": [10, 4, 11, 13], "texture": "#0"},
				"west": {"uv": [10, 4, 11, 13], "texture": "#0"},
				"up": {"uv": [10, 4, 11, 5], "texture": "#0"},
				"down": {"uv": [10, 12, 11, 13], "texture": "#0"}
			}
		},
		{
			"name": "enchanted_nether_star_5",
			"from": [4, 5, 7.5],
			"to": [6, 10, 8.5],
			"rotation": {"angle": 0, "axis": "y", "origin": [0, 0, 7.5]},
			"faces": {
				"north": {"uv": [6, 6, 4, 11], "texture": "#0"},
				"east": {"uv": [5, 6, 6, 11], "texture": "#0"},
				"south": {"uv": [4, 6, 6, 11], "texture": "#0"},
				"west": {"uv": [4, 6, 5, 11], "texture": "#0"},
				"up": {"uv": [4, 6, 6, 7], "texture": "#0"},
				"down": {"uv": [4, 10, 6, 11], "texture": "#0"}
			}
		},
		{
			"name": "enchanted_nether_star_6",
			"from": [11, 5, 7.5],
			"to": [13, 10, 8.5],
			"rotation": {"angle": 0, "axis": "y", "origin": [0, 0, 7.5]},
			"faces": {
				"north": {"uv": [13, 6, 11, 11], "texture": "#0"},
				"east": {"uv": [12, 6, 13, 11], "texture": "#0"},
				"south": {"uv": [11, 6, 13, 11], "texture": "#0"},
				"west": {"uv": [11, 6, 12, 11], "texture": "#0"},
				"up": {"uv": [11, 6, 13, 7], "texture": "#0"},
				"down": {"uv": [11, 10, 13, 11], "texture": "#0"}
			}
		},
		{
			"name": "enchanted_nether_star_7",
			"from": [3, 6, 7.5],
			"to": [4, 9, 8.5],
			"rotation": {"angle": 0, "axis": "y", "origin": [0, 0, 7.5]},
			"faces": {
				"north": {"uv": [4, 7, 3, 10], "texture": "#0"},
				"east": {"uv": [3, 7, 4, 10], "texture": "#0"},
				"south": {"uv": [3, 7, 4, 10], "texture": "#0"},
				"west": {"uv": [3, 7, 4, 10], "texture": "#0"},
				"up": {"uv": [3, 7, 4, 8], "texture": "#0"},
				"down": {"uv": [3, 9, 4, 10], "texture": "#0"}
			}
		},
		{
			"name": "enchanted_nether_star_8",
			"from": [13, 6, 7.5],
			"to": [14, 9, 8.5],
			"rotation": {"angle": 0, "axis": "y", "origin": [0, 0, 7.5]},
			"faces": {
				"north": {"uv": [14, 7, 13, 10], "texture": "#0"},
				"east": {"uv": [13, 7, 14, 10], "texture": "#0"},
				"south": {"uv": [13, 7, 14, 10], "texture": "#0"},
				"west": {"uv": [13, 7, 14, 10], "texture": "#0"},
				"up": {"uv": [13, 7, 14, 8], "texture": "#0"},
				"down": {"uv": [13, 9, 14, 10], "texture": "#0"}
			}
		},
		{
			"name": "enchanted_nether_star_9",
			"from": [2, 7, 7.5],
			"to": [3, 8, 8.5],
			"rotation": {"angle": 0, "axis": "y", "origin": [0, 0, 7.5]},
			"faces": {
				"north": {"uv": [3, 8, 2, 9], "texture": "#0"},
				"east": {"uv": [2, 8, 3, 9], "texture": "#0"},
				"south": {"uv": [2, 8, 3, 9], "texture": "#0"},
				"west": {"uv": [2, 8, 3, 9], "texture": "#0"},
				"up": {"uv": [2, 8, 3, 9], "texture": "#0"},
				"down": {"uv": [2, 8, 3, 9], "texture": "#0"}
			}
		},
		{
			"name": "enchanted_nether_star_10",
			"from": [14, 7, 7.5],
			"to": [15, 8, 8.5],
			"rotation": {"angle": 0, "axis": "y", "origin": [0, 0, 7.5]},
			"faces": {
				"north": {"uv": [15, 8, 14, 9], "texture": "#0"},
				"east": {"uv": [14, 8, 15, 9], "texture": "#0"},
				"south": {"uv": [14, 8, 15, 9], "texture": "#0"},
				"west": {"uv": [14, 8, 15, 9], "texture": "#0"},
				"up": {"uv": [14, 8, 15, 9], "texture": "#0"},
				"down": {"uv": [14, 8, 15, 9], "texture": "#0"}
			}
		},
		{
			"name": "enchanted_nether_star_1_outline",
			"from": [8.1, 13.1, 8.6],
			"to": [6.9, 1.9, 7.4],
			"rotation": {"angle": 0, "axis": "y", "origin": [0, 0, 7.5]},
			"faces": {
				"north": {"uv": [2, 0, 2.5, 5.5], "texture": "#1"},
				"east": {"uv": [2.5, 0, 3, 5.5], "texture": "#1"},
				"south": {"uv": [3, 0, 3.5, 5.5], "texture": "#1"},
				"west": {"uv": [3.5, 0, 4, 5.5], "texture": "#1"},
				"up": {"uv": [8.5, 4.5, 8, 4], "texture": "#1"},
				"down": {"uv": [5, 8, 4.5, 8.5], "texture": "#1"}
			}
		},
		{
			"name": "enchanted_nether_star_0_outline",
			"from": [9.1, 14.1, 8.6],
			"to": [7.9, 0.9, 7.4],
			"rotation": {"angle": 0, "axis": "y", "origin": [0, 0, 7.5]},
			"faces": {
				"north": {"uv": [0, 0, 0.5, 6.5], "texture": "#1"},
				"east": {"uv": [0.5, 0, 1, 6.5], "texture": "#1"},
				"south": {"uv": [1, 0, 1.5, 6.5], "texture": "#1"},
				"west": {"uv": [1.5, 0, 2, 6.5], "texture": "#1"},
				"up": {"uv": [8.5, 5, 8, 4.5], "texture": "#1"},
				"down": {"uv": [5.5, 8, 5, 8.5], "texture": "#1"}
			}
		},
		{
			"name": "enchanted_nether_star_2_outline",
			"from": [10.1, 13.1, 8.6],
			"to": [8.9, 1.9, 7.4],
			"rotation": {"angle": 0, "axis": "y", "origin": [0, 0, 7.5]},
			"faces": {
				"north": {"uv": [4, 0, 4.5, 5.5], "texture": "#1"},
				"east": {"uv": [4.5, 0, 5, 5.5], "texture": "#1"},
				"south": {"uv": [5, 0, 5.5, 5.5], "texture": "#1"},
				"west": {"uv": [5.5, 0, 6, 5.5], "texture": "#1"},
				"up": {"uv": [8.5, 5.5, 8, 5], "texture": "#1"},
				"down": {"uv": [6, 8, 5.5, 8.5], "texture": "#1"}
			}
		},
		{
			"name": "enchanted_nether_star_3_outline",
			"from": [7.1, 12.1, 8.6],
			"to": [5.9, 2.9, 7.4],
			"rotation": {"angle": 0, "axis": "y", "origin": [0, 0, 7.5]},
			"faces": {
				"north": {"uv": [6, 0, 6.5, 4.5], "texture": "#1"},
				"east": {"uv": [6, 4.5, 6.5, 9], "texture": "#1"},
				"south": {"uv": [0, 6.5, 0.5, 11], "texture": "#1"},
				"west": {"uv": [6.5, 0, 7, 4.5], "texture": "#1"},
				"up": {"uv": [8.5, 6, 8, 5.5], "texture": "#1"},
				"down": {"uv": [8.5, 6, 8, 6.5], "texture": "#1"}
			}
		},
		{
			"name": "enchanted_nether_star_4_outline",
			"from": [11.1, 12.1, 8.6],
			"to": [9.9, 2.9, 7.4],
			"rotation": {"angle": 0, "axis": "y", "origin": [0, 0, 7.5]},
			"faces": {
				"north": {"uv": [0.5, 6.5, 1, 11], "texture": "#1"},
				"east": {"uv": [1, 6.5, 1.5, 11], "texture": "#1"},
				"south": {"uv": [1.5, 6.5, 2, 11], "texture": "#1"},
				"west": {"uv": [6.5, 4.5, 7, 9], "texture": "#1"},
				"up": {"uv": [8.5, 7, 8, 6.5], "texture": "#1"},
				"down": {"uv": [8.5, 7, 8, 7.5], "texture": "#1"}
			}
		},
		{
			"name": "enchanted_nether_star_5_outline",
			"from": [6.1, 10.1, 8.6],
			"to": [3.9, 4.9, 7.4],
			"rotation": {"angle": 0, "axis": "y", "origin": [0, 0, 7.5]},
			"faces": {
				"north": {"uv": [2, 5.5, 3, 8], "texture": "#1"},
				"east": {"uv": [7, 0, 7.5, 2.5], "texture": "#1"},
				"south": {"uv": [3, 5.5, 4, 8], "texture": "#1"},
				"west": {"uv": [7, 2.5, 7.5, 5], "texture": "#1"},
				"up": {"uv": [3.5, 8.5, 2.5, 8], "texture": "#1"},
				"down": {"uv": [9, 3, 8, 3.5], "texture": "#1"}
			}
		},
		{
			"name": "enchanted_nether_star_6_outline",
			"from": [13.1, 10.1, 8.6],
			"to": [10.9, 4.9, 7.4],
			"rotation": {"angle": 0, "axis": "y", "origin": [0, 0, 7.5]},
			"faces": {
				"north": {"uv": [4, 5.5, 5, 8], "texture": "#1"},
				"east": {"uv": [7, 5, 7.5, 7.5], "texture": "#1"},
				"south": {"uv": [5, 5.5, 6, 8], "texture": "#1"},
				"west": {"uv": [7.5, 0, 8, 2.5], "texture": "#1"},
				"up": {"uv": [4.5, 8.5, 3.5, 8], "texture": "#1"},
				"down": {"uv": [9, 3.5, 8, 4], "texture": "#1"}
			}
		},
		{
			"name": "enchanted_nether_star_7_outline",
			"from": [4.1, 9.1, 8.6],
			"to": [2.9, 5.9, 7.4],
			"rotation": {"angle": 0, "axis": "y", "origin": [0, 0, 7.5]},
			"faces": {
				"north": {"uv": [7.5, 2.5, 8, 4], "texture": "#1"},
				"east": {"uv": [7.5, 4, 8, 5.5], "texture": "#1"},
				"south": {"uv": [7.5, 5.5, 8, 7], "texture": "#1"},
				"west": {"uv": [7, 7.5, 7.5, 9], "texture": "#1"},
				"up": {"uv": [8.5, 8, 8, 7.5], "texture": "#1"},
				"down": {"uv": [8.5, 8, 8, 8.5], "texture": "#1"}
			}
		},
		{
			"name": "enchanted_nether_star_8_outline",
			"from": [14.1, 9.1, 8.6],
			"to": [12.9, 5.9, 7.4],
			"rotation": {"angle": 0, "axis": "y", "origin": [0, 0, 7.5]},
			"faces": {
				"north": {"uv": [7.5, 7, 8, 8.5], "texture": "#1"},
				"east": {"uv": [8, 0, 8.5, 1.5], "texture": "#1"},
				"south": {"uv": [8, 1.5, 8.5, 3], "texture": "#1"},
				"west": {"uv": [2, 8, 2.5, 9.5], "texture": "#1"},
				"up": {"uv": [9, 0.5, 8.5, 0], "texture": "#1"},
				"down": {"uv": [9, 0.5, 8.5, 1], "texture": "#1"}
			}
		},
		{
			"name": "enchanted_nether_star_9_outline",
			"from": [3.1, 8.1, 8.6],
			"to": [1.9, 6.9, 7.4],
			"rotation": {"angle": 0, "axis": "y", "origin": [0, 0, 7.5]},
			"faces": {
				"north": {"uv": [8.5, 1, 9, 1.5], "texture": "#1"},
				"east": {"uv": [8.5, 1.5, 9, 2], "texture": "#1"},
				"south": {"uv": [8.5, 2, 9, 2.5], "texture": "#1"},
				"west": {"uv": [2.5, 8.5, 3, 9], "texture": "#1"},
				"up": {"uv": [9, 3, 8.5, 2.5], "texture": "#1"},
				"down": {"uv": [3.5, 8.5, 3, 9], "texture": "#1"}
			}
		},
		{
			"name": "enchanted_nether_star_10_outline",
			"from": [15.1, 8.1, 8.6],
			"to": [13.9, 6.9, 7.4],
			"rotation": {"angle": 0, "axis": "y", "origin": [0, 0, 7.5]},
			"faces": {
				"north": {"uv": [3.5, 8.5, 4, 9], "texture": "#1"},
				"east": {"uv": [4, 8.5, 4.5, 9], "texture": "#1"},
				"south": {"uv": [8.5, 4, 9, 4.5], "texture": "#1"},
				"west": {"uv": [4.5, 8.5, 5, 9], "texture": "#1"},
				"up": {"uv": [9, 5, 8.5, 4.5], "texture": "#1"},
				"down": {"uv": [5.5, 8.5, 5, 9], "texture": "#1"}
			}
		}
	],
	"display": {
		"thirdperson_righthand": {
			"translation": [0, 3, 1],
			"scale": [0.55, 0.55, 0.55]
		},
		"thirdperson_lefthand": {
			"translation": [0, 3, 1],
			"scale": [0.55, 0.55, 0.55]
		},
		"firstperson_righthand": {
			"rotation": [0, -90, 25],
			"translation": [1.13, 3.2, 1.13],
			"scale": [0.68, 0.68, 0.68]
		},
		"firstperson_lefthand": {
			"rotation": [0, -90, 25],
			"translation": [1.13, 3.2, 1.13],
			"scale": [0.68, 0.68, 0.68]
		},
		"ground": {
			"translation": [0, 2, 0],
			"scale": [0.5, 0.5, 0.5]
		},
		"head": {
			"rotation": [0, 180, 0],
			"translation": [0, 13, 7]
		},
		"fixed": {
			"rotation": [0, 180, 0]
		}
	},
	"groups": [
		{
			"name": "enchanted_nether_star",
			"origin": [8, 8, 8],
			"color": 0,
			"children": [0, 1, 2, 3, 4, 5, 6, 7, 8, 9, 10]
		},
		{
			"name": "group",
			"origin": [0, 0, 7.5],
			"color": 0,
			"children": [11, 12, 13, 14, 15, 16, 17, 18, 19, 20, 21]
		}
	]
}