{
	"credit": "Made with Blockbench",
	"texture_size": [32, 32],
	"textures": {
		"0": "item/enchanted_diamond_sword",
		"1": "item/sword_glow",
		"particle": "item/enchanted_diamond_sword"
	},
	"elements": [
		{
			"name": "enchanted_iron_sword_0",
			"from": [13.04161, 12.95347, 7.84645],
			"to": [16.04161, 15.95347, 8.84645],
			"rotation": {"angle": 0, "axis": "y", "origin": [8.05, 7.71186, 8.34645]},
			"faces": {
				"north": {"uv": [16, 0, 13, 3], "texture": "#0"},
				"east": {"uv": [15, 0, 16, 3], "texture": "#0"},
				"south": {"uv": [13, 0, 16, 3], "texture": "#0"},
				"west": {"uv": [13, 0, 14, 3], "texture": "#0"},
				"up": {"uv": [13, 0, 16, 1], "texture": "#0"},
				"down": {"uv": [13, 2, 16, 3], "texture": "#0"}
			}
		},
		{
			"name": "enchanted_iron_sword_1",
			"from": [12.04161, 9.95347, 7.84645],
			"to": [13.04161, 14.95347, 8.84645],
			"rotation": {"angle": 0, "axis": "y", "origin": [8.05, 7.71186, 8.34645]},
			"faces": {
				"north": {"uv": [13, 1, 12, 6], "texture": "#0"},
				"east": {"uv": [12, 1, 13, 6], "texture": "#0"},
				"south": {"uv": [12, 1, 13, 6], "texture": "#0"},
				"west": {"uv": [12, 1, 13, 6], "texture": "#0"},
				"up": {"uv": [12, 1, 13, 2], "texture": "#0"},
				"down": {"uv": [12, 5, 13, 6], "texture": "#0"}
			}
		},
		{
			"name": "enchanted_iron_sword_2",
			"from": [11.04161, 8.95347, 7.84645],
			"to": [12.04161, 13.95347, 8.84645],
			"rotation": {"angle": 0, "axis": "y", "origin": [8.05, 7.71186, 8.34645]},
			"faces": {
				"north": {"uv": [12, 2, 11, 7], "texture": "#0"},
				"east": {"uv": [11, 2, 12, 7], "texture": "#0"},
				"south": {"uv": [11, 2, 12, 7], "texture": "#0"},
				"west": {"uv": [11, 2, 12, 7], "texture": "#0"},
				"up": {"uv": [11, 2, 12, 3], "texture": "#0"},
				"down": {"uv": [11, 6, 12, 7], "texture": "#0"}
			}
		},
		{
			"name": "enchanted_iron_sword_3",
			"from": [10.04161, 7.95347, 7.84645],
			"to": [11.04161, 12.95347, 8.84645],
			"rotation": {"angle": 0, "axis": "y", "origin": [8.05, 7.71186, 8.34645]},
			"faces": {
				"north": {"uv": [11, 3, 10, 8], "texture": "#0"},
				"east": {"uv": [10, 3, 11, 8], "texture": "#0"},
				"south": {"uv": [10, 3, 11, 8], "texture": "#0"},
				"west": {"uv": [10, 3, 11, 8], "texture": "#0"},
				"up": {"uv": [10, 3, 11, 4], "texture": "#0"},
				"down": {"uv": [10, 7, 11, 8], "texture": "#0"}
			}
		},
		{
			"name": "enchanted_iron_sword_4",
			"from": [13.04161, 11.95347, 7.84645],
			"to": [15.04161, 12.95347, 8.84645],
			"rotation": {"angle": 0, "axis": "y", "origin": [8.05, 7.71186, 8.34645]},
			"faces": {
				"north": {"uv": [15, 3, 13, 4], "texture": "#0"},
				"east": {"uv": [14, 3, 15, 4], "texture": "#0"},
				"south": {"uv": [13, 3, 15, 4], "texture": "#0"},
				"west": {"uv": [13, 3, 14, 4], "texture": "#0"},
				"up": {"uv": [13, 3, 15, 4], "texture": "#0"},
				"down": {"uv": [13, 3, 15, 4], "texture": "#0"}
			}
		},
		{
			"name": "enchanted_iron_sword_5",
			"from": [9.04161, 6.95347, 7.84645],
			"to": [10.04161, 11.95347, 8.84645],
			"rotation": {"angle": 0, "axis": "y", "origin": [8.05, 7.71186, 8.34645]},
			"faces": {
				"north": {"uv": [10, 4, 9, 9], "texture": "#0"},
				"east": {"uv": [9, 4, 10, 9], "texture": "#0"},
				"south": {"uv": [9, 4, 10, 9], "texture": "#0"},
				"west": {"uv": [9, 4, 10, 9], "texture": "#0"},
				"up": {"uv": [9, 4, 10, 5], "texture": "#0"},
				"down": {"uv": [9, 8, 10, 9], "texture": "#0"}
			}
		},
		{
			"name": "enchanted_iron_sword_6",
			"from": [13.04161, 10.95347, 7.84645],
			"to": [14.04161, 11.95347, 8.84645],
			"rotation": {"angle": 0, "axis": "y", "origin": [8.05, 7.71186, 8.34645]},
			"faces": {
				"north": {"uv": [14, 4, 13, 5], "texture": "#0"},
				"east": {"uv": [13, 4, 14, 5], "texture": "#0"},
				"south": {"uv": [13, 4, 14, 5], "texture": "#0"},
				"west": {"uv": [13, 4, 14, 5], "texture": "#0"},
				"up": {"uv": [13, 4, 14, 5], "texture": "#0"},
				"down": {"uv": [13, 4, 14, 5], "texture": "#0"}
			}
		},
		{
			"name": "enchanted_iron_sword_7",
			"from": [8.04161, 5.95347, 7.84645],
			"to": [9.04161, 10.95347, 8.84645],
			"rotation": {"angle": 0, "axis": "y", "origin": [8.05, 7.71186, 8.34645]},
			"faces": {
				"north": {"uv": [9, 5, 8, 10], "texture": "#0"},
				"east": {"uv": [8, 5, 9, 10], "texture": "#0"},
				"south": {"uv": [8, 5, 9, 10], "texture": "#0"},
				"west": {"uv": [8, 5, 9, 10], "texture": "#0"},
				"up": {"uv": [8, 5, 9, 6], "texture": "#0"},
				"down": {"uv": [8, 9, 9, 10], "texture": "#0"}
			}
		},
		{
			"name": "enchanted_iron_sword_8",
			"from": [2.04161, 7.95347, 7.84645],
			"to": [4.04161, 9.95347, 8.84645],
			"rotation": {"angle": 0, "axis": "y", "origin": [8.05, 7.71186, 8.34645]},
			"faces": {
				"north": {"uv": [4, 6, 2, 8], "texture": "#0"},
				"east": {"uv": [3, 6, 4, 8], "texture": "#0"},
				"south": {"uv": [2, 6, 4, 8], "texture": "#0"},
				"west": {"uv": [2, 6, 3, 8], "texture": "#0"},
				"up": {"uv": [2, 6, 4, 7], "texture": "#0"},
				"down": {"uv": [2, 7, 4, 8], "texture": "#0"}
			}
		},
		{
			"name": "enchanted_iron_sword_9",
			"from": [7.04161, 2.95347, 7.84645],
			"to": [8.04161, 9.95347, 8.84645],
			"rotation": {"angle": 0, "axis": "y", "origin": [8.05, 7.71186, 8.34645]},
			"faces": {
				"north": {"uv": [8, 6, 7, 13], "texture": "#0"},
				"east": {"uv": [7, 6, 8, 13], "texture": "#0"},
				"south": {"uv": [7, 6, 8, 13], "texture": "#0"},
				"west": {"uv": [7, 6, 8, 13], "texture": "#0"},
				"up": {"uv": [7, 6, 8, 7], "texture": "#0"},
				"down": {"uv": [7, 12, 8, 13], "texture": "#0"}
			}
		},
		{
			"name": "enchanted_iron_sword_10",
			"from": [4.04161, 2.95347, 7.84645],
			"to": [5.04161, 8.95347, 8.84645],
			"rotation": {"angle": 0, "axis": "y", "origin": [8.05, 7.71186, 8.34645]},
			"faces": {
				"north": {"uv": [5, 7, 4, 13], "texture": "#0"},
				"east": {"uv": [4, 7, 5, 13], "texture": "#0"},
				"south": {"uv": [4, 7, 5, 13], "texture": "#0"},
				"west": {"uv": [4, 7, 5, 13], "texture": "#0"},
				"up": {"uv": [4, 7, 5, 8], "texture": "#0"},
				"down": {"uv": [4, 12, 5, 13], "texture": "#0"}
			}
		},
		{
			"name": "enchanted_iron_sword_11",
			"from": [6.04161, 2.95347, 7.84645],
			"to": [7.04161, 8.95347, 8.84645],
			"rotation": {"angle": 0, "axis": "y", "origin": [8.05, 7.71186, 8.34645]},
			"faces": {
				"north": {"uv": [7, 7, 6, 13], "texture": "#0"},
				"east": {"uv": [6, 7, 7, 13], "texture": "#0"},
				"south": {"uv": [6, 7, 7, 13], "texture": "#0"},
				"west": {"uv": [6, 7, 7, 13], "texture": "#0"},
				"up": {"uv": [6, 7, 7, 8], "texture": "#0"},
				"down": {"uv": [6, 12, 7, 13], "texture": "#0"}
			}
		},
		{
			"name": "enchanted_iron_sword_12",
			"from": [3.04161, 5.95347, 7.84645],
			"to": [4.04161, 7.95347, 8.84645],
			"rotation": {"angle": 0, "axis": "y", "origin": [8.05, 7.71186, 8.34645]},
			"faces": {
				"north": {"uv": [4, 8, 3, 10], "texture": "#0"},
				"east": {"uv": [3, 8, 4, 10], "texture": "#0"},
				"south": {"uv": [3, 8, 4, 10], "texture": "#0"},
				"west": {"uv": [3, 8, 4, 10], "texture": "#0"},
				"up": {"uv": [3, 8, 4, 9], "texture": "#0"},
				"down": {"uv": [3, 9, 4, 10], "texture": "#0"}
			}
		},
		{
			"name": "enchanted_iron_sword_13",
			"from": [5.04161, 3.95347, 7.84645],
			"to": [6.04161, 7.95347, 8.84645],
			"rotation": {"angle": 0, "axis": "y", "origin": [8.05, 7.71186, 8.34645]},
			"faces": {
				"north": {"uv": [6, 8, 5, 12], "texture": "#0"},
				"east": {"uv": [5, 8, 6, 12], "texture": "#0"},
				"south": {"uv": [5, 8, 6, 12], "texture": "#0"},
				"west": {"uv": [5, 8, 6, 12], "texture": "#0"},
				"up": {"uv": [5, 8, 6, 9], "texture": "#0"},
				"down": {"uv": [5, 11, 6, 12], "texture": "#0"}
			}
		},
		{
			"name": "enchanted_iron_sword_14",
			"from": [3.04161, 1.95347, 7.84645],
			"to": [4.04161, 4.95347, 8.84645],
			"rotation": {"angle": 0, "axis": "y", "origin": [8.05, 7.71186, 8.34645]},
			"faces": {
				"north": {"uv": [4, 11, 3, 14], "texture": "#0"},
				"east": {"uv": [3, 11, 4, 14], "texture": "#0"},
				"south": {"uv": [3, 11, 4, 14], "texture": "#0"},
				"west": {"uv": [3, 11, 4, 14], "texture": "#0"},
				"up": {"uv": [3, 11, 4, 12], "texture": "#0"},
				"down": {"uv": [3, 13, 4, 14], "texture": "#0"}
			}
		},
		{
			"name": "enchanted_iron_sword_15",
			"from": [8.04161, 1.95347, 7.84645],
			"to": [9.04161, 4.95347, 8.84645],
			"rotation": {"angle": 0, "axis": "y", "origin": [8.05, 7.71186, 8.34645]},
			"faces": {
				"north": {"uv": [9, 11, 8, 14], "texture": "#0"},
				"east": {"uv": [8, 11, 9, 14], "texture": "#0"},
				"south": {"uv": [8, 11, 9, 14], "texture": "#0"},
				"west": {"uv": [8, 11, 9, 14], "texture": "#0"},
				"up": {"uv": [8, 11, 9, 12], "texture": "#0"},
				"down": {"uv": [8, 13, 9, 14], "texture": "#0"}
			}
		},
		{
			"name": "enchanted_iron_sword_16",
			"from": [2.04161, -0.04653, 7.84645],
			"to": [3.04161, 3.95347, 8.84645],
			"rotation": {"angle": 0, "axis": "y", "origin": [8.05, 7.71186, 8.34645]},
			"faces": {
				"north": {"uv": [3, 12, 2, 16], "texture": "#0"},
				"east": {"uv": [2, 12, 3, 16], "texture": "#0"},
				"south": {"uv": [2, 12, 3, 16], "texture": "#0"},
				"west": {"uv": [2, 12, 3, 16], "texture": "#0"},
				"up": {"uv": [2, 12, 3, 13], "texture": "#0"},
				"down": {"uv": [2, 15, 3, 16], "texture": "#0"}
			}
		},
		{
			"name": "enchanted_iron_sword_17",
			"from": [9.04161, 1.95347, 7.84645],
			"to": [10.04161, 3.95347, 8.84645],
			"rotation": {"angle": 0, "axis": "y", "origin": [8.05, 7.71186, 8.34645]},
			"faces": {
				"north": {"uv": [10, 12, 9, 14], "texture": "#0"},
				"east": {"uv": [9, 12, 10, 14], "texture": "#0"},
				"south": {"uv": [9, 12, 10, 14], "texture": "#0"},
				"west": {"uv": [9, 12, 10, 14], "texture": "#0"},
				"up": {"uv": [9, 12, 10, 13], "texture": "#0"},
				"down": {"uv": [9, 13, 10, 14], "texture": "#0"}
			}
		},
		{
			"name": "enchanted_iron_sword_18",
			"from": [0.04161, -0.04653, 7.84645],
			"to": [2.04161, 2.95347, 8.84645],
			"rotation": {"angle": 0, "axis": "y", "origin": [8.05, 7.71186, 8.34645]},
			"faces": {
				"north": {"uv": [2, 13, 0, 16], "texture": "#0"},
				"east": {"uv": [1, 13, 2, 16], "texture": "#0"},
				"south": {"uv": [0, 13, 2, 16], "texture": "#0"},
				"west": {"uv": [0, 13, 1, 16], "texture": "#0"},
				"up": {"uv": [0, 13, 2, 14], "texture": "#0"},
				"down": {"uv": [0, 15, 2, 16], "texture": "#0"}
			}
		},
		{
			"name": "enchanted_iron_sword_0_outline",
			"from": [16.14161, 16.05347, 8.94645],
			"to": [12.94161, 12.85347, 7.74645],
			"rotation": {"angle": 0, "axis": "y", "origin": [8.05, 7.71186, 8.34645]},
			"faces": {
				"north": {"uv": [0, 0, 1.5, 1.5], "texture": "#1"},
				"east": {"uv": [4, 1.5, 4.5, 3], "texture": "#1"},
				"south": {"uv": [0, 1.5, 1.5, 3], "texture": "#1"},
				"west": {"uv": [7, 6.5, 7.5, 8], "texture": "#1"},
				"up": {"uv": [8.5, 2.5, 7, 2], "texture": "#1"},
				"down": {"uv": [9, 0, 7.5, 0.5], "texture": "#1"}
			}
		},
		{
			"name": "enchanted_iron_sword_1_outline",
			"from": [13.14161, 15.05347, 8.94645],
			"to": [11.94161, 9.85347, 7.74645],
			"rotation": {"angle": 0, "axis": "y", "origin": [8.05, 7.71186, 8.34645]},
			"faces": {
				"north": {"uv": [4.5, 1.5, 5, 4], "texture": "#1"},
				"east": {"uv": [3.5, 4.5, 4, 7], "texture": "#1"},
				"south": {"uv": [4, 4.5, 4.5, 7], "texture": "#1"},
				"west": {"uv": [4.5, 4, 5, 6.5], "texture": "#1"},
				"up": {"uv": [5, 9, 4.5, 8.5], "texture": "#1"},
				"down": {"uv": [7, 8.5, 6.5, 9], "texture": "#1"}
			}
		},
		{
			"name": "enchanted_iron_sword_2_outline",
			"from": [12.14161, 14.05347, 8.94645],
			"to": [10.94161, 8.85347, 7.74645],
			"rotation": {"angle": 0, "axis": "y", "origin": [8.05, 7.71186, 8.34645]},
			"faces": {
				"north": {"uv": [5, 0, 5.5, 2.5], "texture": "#1"},
				"east": {"uv": [5, 2.5, 5.5, 5], "texture": "#1"},
				"south": {"uv": [5, 5, 5.5, 7.5], "texture": "#1"},
				"west": {"uv": [5.5, 0, 6, 2.5], "texture": "#1"},
				"up": {"uv": [9, 7, 8.5, 6.5], "texture": "#1"},
				"down": {"uv": [8, 8.5, 7.5, 9], "texture": "#1"}
			}
		},
		{
			"name": "enchanted_iron_sword_3_outline",
			"from": [11.14161, 13.05347, 8.94645],
			"to": [9.94161, 7.85347, 7.74645],
			"rotation": {"angle": 0, "axis": "y", "origin": [8.05, 7.71186, 8.34645]},
			"faces": {
				"north": {"uv": [5.5, 2.5, 6, 5], "texture": "#1"},
				"east": {"uv": [5.5, 5, 6, 7.5], "texture": "#1"},
				"south": {"uv": [6, 0, 6.5, 2.5], "texture": "#1"},
				"west": {"uv": [0.5, 6, 1, 8.5], "texture": "#1"},
				"up": {"uv": [9, 8.5, 8.5, 8], "texture": "#1"},
				"down": {"uv": [9, 8.5, 8.5, 9], "texture": "#1"}
			}
		},
		{
			"name": "enchanted_iron_sword_4_outline",
			"from": [15.14161, 13.05347, 8.94645],
			"to": [12.94161, 11.85347, 7.74645],
			"rotation": {"angle": 0, "axis": "y", "origin": [8.05, 7.71186, 8.34645]},
			"faces": {
				"north": {"uv": [8, 4, 9, 4.5], "texture": "#1"},
				"east": {"uv": [0, 9, 0.5, 9.5], "texture": "#1"},
				"south": {"uv": [8, 4.5, 9, 5], "texture": "#1"},
				"west": {"uv": [9, 0, 9.5, 0.5], "texture": "#1"},
				"up": {"uv": [9, 5.5, 8, 5], "texture": "#1"},
				"down": {"uv": [9, 5.5, 8, 6], "texture": "#1"}
			}
		},
		{
			"name": "enchanted_iron_sword_5_outline",
			"from": [10.14161, 12.05347, 8.94645],
			"to": [8.94161, 6.85347, 7.74645],
			"rotation": {"angle": 0, "axis": "y", "origin": [8.05, 7.71186, 8.34645]},
			"faces": {
				"north": {"uv": [1, 6, 1.5, 8.5], "texture": "#1"},
				"east": {"uv": [6, 2.5, 6.5, 5], "texture": "#1"},
				"south": {"uv": [3, 6, 3.5, 8.5], "texture": "#1"},
				"west": {"uv": [6, 5, 6.5, 7.5], "texture": "#1"},
				"up": {"uv": [9.5, 1, 9, 0.5], "texture": "#1"},
				"down": {"uv": [9.5, 1, 9, 1.5], "texture": "#1"}
			}
		},
		{
			"name": "enchanted_iron_sword_6_outline",
			"from": [14.14161, 12.05347, 8.94645],
			"to": [12.94161, 10.85347, 7.74645],
			"rotation": {"angle": 0, "axis": "y", "origin": [8.05, 7.71186, 8.34645]},
			"faces": {
				"north": {"uv": [1.5, 9, 2, 9.5], "texture": "#1"},
				"east": {"uv": [9, 1.5, 9.5, 2], "texture": "#1"},
				"south": {"uv": [2, 9, 2.5, 9.5], "texture": "#1"},
				"west": {"uv": [9, 2, 9.5, 2.5], "texture": "#1"},
				"up": {"uv": [9.5, 3, 9, 2.5], "texture": "#1"},
				"down": {"uv": [9.5, 3, 9, 3.5], "texture": "#1"}
			}
		},
		{
			"name": "enchanted_iron_sword_7_outline",
			"from": [9.14161, 11.05347, 8.94645],
			"to": [7.94161, 5.85347, 7.74645],
			"rotation": {"angle": 0, "axis": "y", "origin": [8.05, 7.71186, 8.34645]},
			"faces": {
				"north": {"uv": [0, 6.5, 0.5, 9], "texture": "#1"},
				"east": {"uv": [6.5, 0, 7, 2.5], "texture": "#1"},
				"south": {"uv": [1.5, 6.5, 2, 9], "texture": "#1"},
				"west": {"uv": [2, 6.5, 2.5, 9], "texture": "#1"},
				"up": {"uv": [4, 9.5, 3.5, 9], "texture": "#1"},
				"down": {"uv": [4.5, 9, 4, 9.5], "texture": "#1"}
			}
		},
		{
			"name": "enchanted_iron_sword_8_outline",
			"from": [4.14161, 10.05347, 8.94645],
			"to": [1.94161, 7.85347, 7.74645],
			"rotation": {"angle": 0, "axis": "y", "origin": [8.05, 7.71186, 8.34645]},
			"faces": {
				"north": {"uv": [6.5, 2.5, 7.5, 3.5], "texture": "#1"},
				"east": {"uv": [8, 6, 8.5, 7], "texture": "#1"},
				"south": {"uv": [6.5, 3.5, 7.5, 4.5], "texture": "#1"},
				"west": {"uv": [7, 8, 7.5, 9], "texture": "#1"},
				"up": {"uv": [9, 7.5, 8, 7], "texture": "#1"},
				"down": {"uv": [9, 7.5, 8, 8], "texture": "#1"}
			}
		},
		{
			"name": "enchanted_iron_sword_9_outline",
			"from": [8.14161, 10.05347, 8.94645],
			"to": [6.94161, 2.85347, 7.74645],
			"rotation": {"angle": 0, "axis": "y", "origin": [8.05, 7.71186, 8.34645]},
			"faces": {
				"north": {"uv": [1.5, 0, 2, 3.5], "texture": "#1"},
				"east": {"uv": [2, 0, 2.5, 3.5], "texture": "#1"},
				"south": {"uv": [2.5, 0, 3, 3.5], "texture": "#1"},
				"west": {"uv": [0, 3, 0.5, 6.5], "texture": "#1"},
				"up": {"uv": [9.5, 4.5, 9, 4], "texture": "#1"},
				"down": {"uv": [5, 9, 4.5, 9.5], "texture": "#1"}
			}
		},
		{
			"name": "enchanted_iron_sword_10_outline",
			"from": [5.14161, 9.05347, 8.94645],
			"to": [3.94161, 2.85347, 7.74645],
			"rotation": {"angle": 0, "axis": "y", "origin": [8.05, 7.71186, 8.34645]},
			"faces": {
				"north": {"uv": [3, 0, 3.5, 3], "texture": "#1"},
				"east": {"uv": [0.5, 3, 1, 6], "texture": "#1"},
				"south": {"uv": [1, 3, 1.5, 6], "texture": "#1"},
				"west": {"uv": [3, 3, 3.5, 6], "texture": "#1"},
				"up": {"uv": [9.5, 5, 9, 4.5], "texture": "#1"},
				"down": {"uv": [5.5, 9, 5, 9.5], "texture": "#1"}
			}
		},
		{
			"name": "enchanted_iron_sword_11_outline",
			"from": [7.14161, 9.05347, 8.94645],
			"to": [5.94161, 2.85347, 7.74645],
			"rotation": {"angle": 0, "axis": "y", "origin": [8.05, 7.71186, 8.34645]},
			"faces": {
				"north": {"uv": [3.5, 0, 4, 3], "texture": "#1"},
				"east": {"uv": [1.5, 3.5, 2, 6.5], "texture": "#1"},
				"south": {"uv": [2, 3.5, 2.5, 6.5], "texture": "#1"},
				"west": {"uv": [2.5, 3.5, 3, 6.5], "texture": "#1"},
				"up": {"uv": [9.5, 5.5, 9, 5], "texture": "#1"},
				"down": {"uv": [6, 9, 5.5, 9.5], "texture": "#1"}
			}
		},
		{
			"name": "enchanted_iron_sword_12_outline",
			"from": [4.14161, 8.05347, 8.94645],
			"to": [2.94161, 5.85347, 7.74645],
			"rotation": {"angle": 0, "axis": "y", "origin": [8.05, 7.71186, 8.34645]},
			"faces": {
				"north": {"uv": [8, 8, 8.5, 9], "texture": "#1"},
				"east": {"uv": [0.5, 8.5, 1, 9.5], "texture": "#1"},
				"south": {"uv": [8.5, 0.5, 9, 1.5], "texture": "#1"},
				"west": {"uv": [1, 8.5, 1.5, 9.5], "texture": "#1"},
				"up": {"uv": [9.5, 6, 9, 5.5], "texture": "#1"},
				"down": {"uv": [6.5, 9, 6, 9.5], "texture": "#1"}
			}
		},
		{
			"name": "enchanted_iron_sword_13_outline",
			"from": [6.14161, 8.05347, 8.94645],
			"to": [4.94161, 3.85347, 7.74645],
			"rotation": {"angle": 0, "axis": "y", "origin": [8.05, 7.71186, 8.34645]},
			"faces": {
				"north": {"uv": [2.5, 6.5, 3, 8.5], "texture": "#1"},
				"east": {"uv": [4.5, 6.5, 5, 8.5], "texture": "#1"},
				"south": {"uv": [6.5, 4.5, 7, 6.5], "texture": "#1"},
				"west": {"uv": [6.5, 6.5, 7, 8.5], "texture": "#1"},
				"up": {"uv": [7, 9.5, 6.5, 9], "texture": "#1"},
				"down": {"uv": [9.5, 6.5, 9, 7], "texture": "#1"}
			}
		},
		{
			"name": "enchanted_iron_sword_14_outline",
			"from": [4.14161, 5.05347, 8.94645],
			"to": [2.94161, 1.85347, 7.74645],
			"rotation": {"angle": 0, "axis": "y", "origin": [8.05, 7.71186, 8.34645]},
			"faces": {
				"north": {"uv": [7.5, 0.5, 8, 2], "texture": "#1"},
				"east": {"uv": [7.5, 2.5, 8, 4], "texture": "#1"},
				"south": {"uv": [7.5, 4, 8, 5.5], "texture": "#1"},
				"west": {"uv": [5, 7.5, 5.5, 9], "texture": "#1"},
				"up": {"uv": [7.5, 9.5, 7, 9], "texture": "#1"},
				"down": {"uv": [9.5, 7, 9, 7.5], "texture": "#1"}
			}
		},
		{
			"name": "enchanted_iron_sword_15_outline",
			"from": [9.14161, 5.05347, 8.94645],
			"to": [7.94161, 1.85347, 7.74645],
			"rotation": {"angle": 0, "axis": "y", "origin": [8.05, 7.71186, 8.34645]},
			"faces": {
				"north": {"uv": [5.5, 7.5, 6, 9], "texture": "#1"},
				"east": {"uv": [7.5, 5.5, 8, 7], "texture": "#1"},
				"south": {"uv": [6, 7.5, 6.5, 9], "texture": "#1"},
				"west": {"uv": [7.5, 7, 8, 8.5], "texture": "#1"},
				"up": {"uv": [8, 9.5, 7.5, 9], "texture": "#1"},
				"down": {"uv": [9.5, 7.5, 9, 8], "texture": "#1"}
			}
		},
		{
			"name": "enchanted_iron_sword_16_outline",
			"from": [3.14161, 4.05347, 8.94645],
			"to": [1.94161, -0.14653, 7.74645],
			"rotation": {"angle": 0, "axis": "y", "origin": [8.05, 7.71186, 8.34645]},
			"faces": {
				"north": {"uv": [7, 0, 7.5, 2], "texture": "#1"},
				"east": {"uv": [3.5, 7, 4, 9], "texture": "#1"},
				"south": {"uv": [4, 7, 4.5, 9], "texture": "#1"},
				"west": {"uv": [7, 4.5, 7.5, 6.5], "texture": "#1"},
				"up": {"uv": [8.5, 9.5, 8, 9], "texture": "#1"},
				"down": {"uv": [9.5, 8, 9, 8.5], "texture": "#1"}
			}
		},
		{
			"name": "enchanted_iron_sword_17_outline",
			"from": [10.14161, 4.05347, 8.94645],
			"to": [8.94161, 1.85347, 7.74645],
			"rotation": {"angle": 0, "axis": "y", "origin": [8.05, 7.71186, 8.34645]},
			"faces": {
				"north": {"uv": [8.5, 1.5, 9, 2.5], "texture": "#1"},
				"east": {"uv": [2.5, 8.5, 3, 9.5], "texture": "#1"},
				"south": {"uv": [8.5, 2.5, 9, 3.5], "texture": "#1"},
				"west": {"uv": [3, 8.5, 3.5, 9.5], "texture": "#1"},
				"up": {"uv": [9, 9.5, 8.5, 9], "texture": "#1"},
				"down": {"uv": [9.5, 8.5, 9, 9], "texture": "#1"}
			}
		},
		{
			"name": "enchanted_iron_sword_18_outline",
			"from": [2.14161, 3.05347, 8.94645],
			"to": [-0.05839, -0.14653, 7.74645],
			"rotation": {"angle": 0, "axis": "y", "origin": [8.05, 7.71186, 8.34645]},
			"faces": {
				"north": {"uv": [3.5, 3, 4.5, 4.5], "texture": "#1"},
				"east": {"uv": [8, 0.5, 8.5, 2], "texture": "#1"},
				"south": {"uv": [4, 0, 5, 1.5], "texture": "#1"},
				"west": {"uv": [8, 2.5, 8.5, 4], "texture": "#1"},
				"up": {"uv": [9.5, 4, 8.5, 3.5], "texture": "#1"},
				"down": {"uv": [9.5, 6, 8.5, 6.5], "texture": "#1"}
			}
		}
	],
	"display": {
		"thirdperson_righthand": {
			"rotation": [0, -90, 55],
			"translation": [0, 4, 0.5],
			"scale": [0.85, 0.85, 0.85]
		},
		"thirdperson_lefthand": {
			"rotation": [0, 90, -55],
			"translation": [0, 4, 0.5],
			"scale": [0.85, 0.85, 0.85]
		},
		"firstperson_righthand": {
			"rotation": [0, -90, 25],
			"translation": [1.13, 3.2, 1.13],
			"scale": [0.68, 0.68, 0.68]
		},
		"firstperson_lefthand": {
			"rotation": [0, 90, -25],
			"translation": [1.13, 3.2, 1.13],
			"scale": [0.68, 0.68, 0.68]
		},
		"ground": {
			"translation": [0, 2, 0],
			"scale": [0.5, 0.5, 0.5]
		},
		"head": {
			"rotation": [0, 180, 0],
			"translation": [0, 13, 7]
		},
		"fixed": {
			"rotation": [0, 180, 0]
		}
	},
	"groups": [
		{
			"name": "enchanted_iron_sword",
			"origin": [8, 8, 8],
			"color": 0,
			"children": [0, 1, 2, 3, 4, 5, 6, 7, 8, 9, 10, 11, 12, 13, 14, 15, 16, 17, 18]
		},
		{
			"name": "group",
			"origin": [8.05, 7.71186, 8.34645],
			"color": 0,
			"children": [19, 20, 21, 22, 23, 24, 25, 26, 27, 28, 29, 30, 31, 32, 33, 34, 35, 36, 37]
		}
	]
}